-- phpMyAdmin SQL Dump
-- version 4.7.4
-- https://www.phpmyadmin.net/
--
-- Host: 127.0.0.1
-- Generation Time: Dec 06, 2018 at 03:04 PM
-- Server version: 10.1.28-MariaDB
-- PHP Version: 5.6.32

SET SQL_MODE = "NO_AUTO_VALUE_ON_ZERO";
SET AUTOCOMMIT = 0;
START TRANSACTION;
SET time_zone = "+00:00";


/*!40101 SET @OLD_CHARACTER_SET_CLIENT=@@CHARACTER_SET_CLIENT */;
/*!40101 SET @OLD_CHARACTER_SET_RESULTS=@@CHARACTER_SET_RESULTS */;
/*!40101 SET @OLD_COLLATION_CONNECTION=@@COLLATION_CONNECTION */;
/*!40101 SET NAMES utf8mb4 */;

--
-- Database: `ukt`
--

-- --------------------------------------------------------

--
-- Table structure for table `admin`
--

CREATE TABLE `admin` (
  `id_admin` int(11) NOT NULL,
  `nama_admin` varchar(255) NOT NULL,
  `username` varchar(255) NOT NULL,
  `password` varchar(255) NOT NULL
) ENGINE=InnoDB DEFAULT CHARSET=latin1;

--
-- Dumping data for table `admin`
--

INSERT INTO `admin` (`id_admin`, `nama_admin`, `username`, `password`) VALUES
(1, 'Mia', 'admin', '21232f297a57a5a743894a0e4a801fc3');

-- --------------------------------------------------------

--
-- Table structure for table `cek_verifikasi`
--

CREATE TABLE `cek_verifikasi` (
  `id` int(11) NOT NULL,
  `id_mahasiswa` int(11) NOT NULL,
  `kode_kriteria` varchar(255) NOT NULL,
  `status` enum('Ya','Tidak') NOT NULL DEFAULT 'Tidak'
) ENGINE=InnoDB DEFAULT CHARSET=latin1;

--
-- Dumping data for table `cek_verifikasi`
--

INSERT INTO `cek_verifikasi` (`id`, `id_mahasiswa`, `kode_kriteria`, `status`) VALUES
(4, 127, 'K01', 'Ya'),
(5, 127, 'K06', 'Ya'),
(6, 127, 'K09', 'Ya'),
(7, 128, 'K01', 'Ya'),
(8, 128, 'K02', 'Ya'),
(9, 128, 'K03', 'Ya'),
(10, 128, 'K04', 'Ya'),
(11, 128, 'K05', 'Ya'),
(12, 128, 'K06', 'Ya'),
(13, 128, 'K07', 'Ya'),
(14, 128, 'K08', 'Ya'),
(15, 128, 'K09', 'Ya'),
(16, 128, 'K10', 'Ya'),
(17, 130, 'K02', 'Ya'),
(18, 130, 'K04', 'Ya'),
(19, 127, 'K02', 'Ya'),
(20, 127, 'K03', 'Ya'),
(21, 127, 'K04', 'Ya'),
(22, 127, 'K05', 'Ya'),
(23, 127, 'K07', 'Ya'),
(24, 127, 'K08', 'Ya'),
(25, 127, 'K10', 'Ya'),
(26, 129, 'K01', 'Ya'),
(27, 129, 'K02', 'Ya'),
(28, 129, 'K03', 'Ya'),
(29, 129, 'K04', 'Ya'),
(30, 129, 'K05', 'Ya'),
(31, 129, 'K06', 'Ya'),
(32, 129, 'K07', 'Ya'),
(33, 129, 'K08', 'Ya'),
(34, 129, 'K09', 'Ya'),
(35, 129, 'K10', 'Ya'),
(36, 130, 'K01', 'Ya'),
(37, 130, 'K03', 'Ya'),
(38, 130, 'K05', 'Ya'),
(39, 130, 'K06', 'Ya'),
(40, 130, 'K07', 'Ya'),
(41, 130, 'K08', 'Ya'),
(42, 130, 'K09', 'Ya'),
(43, 130, 'K10', 'Ya'),
(44, 131, 'K01', 'Ya'),
(45, 131, 'K02', 'Ya'),
(46, 131, 'K03', 'Ya'),
(47, 131, 'K04', 'Ya'),
(48, 131, 'K05', 'Ya'),
(49, 131, 'K06', 'Ya'),
(50, 131, 'K07', 'Ya'),
(51, 131, 'K08', 'Ya'),
(52, 131, 'K09', 'Ya'),
(53, 131, 'K10', 'Ya'),
(54, 132, 'K01', 'Ya'),
(55, 132, 'K02', 'Ya'),
(56, 132, 'K03', 'Ya'),
(57, 132, 'K04', 'Ya'),
(58, 132, 'K05', 'Ya'),
(59, 132, 'K06', 'Ya'),
(60, 132, 'K07', 'Ya'),
(61, 132, 'K08', 'Ya'),
(62, 132, 'K09', 'Ya'),
(63, 132, 'K10', 'Ya'),
(64, 133, 'K01', 'Ya'),
(65, 133, 'K02', 'Ya'),
(66, 133, 'K03', 'Ya'),
(67, 133, 'K04', 'Ya'),
(68, 133, 'K05', 'Ya'),
(69, 133, 'K06', 'Ya'),
(70, 133, 'K07', 'Ya'),
(71, 133, 'K08', 'Ya'),
(72, 133, 'K09', 'Ya'),
(73, 133, 'K10', 'Ya'),
(74, 134, 'K01', 'Ya'),
(75, 134, 'K02', 'Ya'),
(76, 134, 'K03', 'Ya'),
(77, 134, 'K04', 'Ya'),
(78, 134, 'K05', 'Ya'),
(79, 134, 'K06', 'Ya'),
(80, 134, 'K07', 'Ya'),
(81, 134, 'K08', 'Ya'),
(82, 134, 'K09', 'Ya'),
(83, 134, 'K10', 'Ya'),
(84, 135, 'K01', 'Ya'),
(85, 135, 'K02', 'Ya'),
(86, 135, 'K03', 'Ya'),
(87, 152, 'K01', 'Ya'),
(88, 152, 'K02', 'Ya'),
(89, 153, 'K01', 'Ya'),
(90, 230, 'K01', 'Ya'),
(91, 230, 'K02', 'Ya'),
(92, 230, 'K03', 'Ya'),
(93, 230, 'K04', 'Ya'),
(94, 230, 'K05', 'Ya'),
(95, 230, 'K06', 'Ya'),
(96, 230, 'K07', 'Ya'),
(97, 230, 'K08', 'Ya'),
(98, 230, 'K09', 'Ya'),
(99, 230, 'K10', 'Ya'),
(100, 136, 'K05', 'Ya'),
(101, 136, 'K01', 'Ya'),
(102, 135, 'K04', 'Ya'),
(103, 135, 'K05', 'Ya'),
(104, 135, 'K06', 'Ya'),
(105, 135, 'K08', 'Ya'),
(106, 135, 'K07', 'Ya'),
(107, 135, 'K09', 'Ya'),
(108, 135, 'K10', 'Ya'),
(109, 136, 'K02', 'Ya'),
(110, 136, 'K03', 'Ya'),
(111, 136, 'K04', 'Ya'),
(112, 136, 'K06', 'Ya'),
(113, 136, 'K09', 'Ya'),
(114, 136, 'K07', 'Ya'),
(115, 136, 'K08', 'Ya'),
(116, 136, 'K10', 'Ya'),
(117, 137, 'K01', 'Ya'),
(118, 137, 'K02', 'Ya'),
(119, 137, 'K07', 'Ya'),
(120, 137, 'K03', 'Ya'),
(121, 137, 'K04', 'Ya'),
(122, 137, 'K05', 'Ya'),
(123, 137, 'K06', 'Ya'),
(124, 137, 'K08', 'Ya'),
(125, 137, 'K09', 'Ya'),
(126, 137, 'K10', 'Ya'),
(127, 138, 'K01', 'Ya'),
(128, 138, 'K02', 'Ya'),
(129, 138, 'K03', 'Ya'),
(130, 138, 'K04', 'Ya'),
(131, 138, 'K05', 'Ya'),
(132, 138, 'K06', 'Ya'),
(133, 138, 'K07', 'Ya'),
(134, 138, 'K08', 'Ya'),
(135, 138, 'K09', 'Ya'),
(136, 138, 'K10', 'Ya'),
(137, 139, 'K01', 'Ya'),
(138, 139, 'K02', 'Ya'),
(139, 139, 'K03', 'Ya'),
(140, 139, 'K04', 'Ya'),
(141, 139, 'K05', 'Ya'),
(142, 139, 'K06', 'Ya'),
(143, 139, 'K07', 'Ya'),
(144, 139, 'K08', 'Ya'),
(145, 139, 'K09', 'Ya'),
(146, 139, 'K10', 'Ya'),
(147, 140, 'K01', 'Ya'),
(148, 140, 'K02', 'Ya'),
(149, 140, 'K03', 'Ya'),
(150, 140, 'K04', 'Ya'),
(151, 140, 'K05', 'Ya'),
(152, 140, 'K06', 'Ya'),
(153, 140, 'K07', 'Ya'),
(154, 140, 'K08', 'Ya'),
(155, 140, 'K09', 'Ya'),
(156, 140, 'K10', 'Ya'),
(157, 141, 'K01', 'Ya'),
(158, 141, 'K02', 'Ya'),
(159, 141, 'K03', 'Ya'),
(160, 141, 'K04', 'Ya'),
(161, 141, 'K05', 'Ya'),
(162, 141, 'K06', 'Ya'),
(163, 141, 'K07', 'Ya'),
(164, 141, 'K08', 'Ya'),
(165, 141, 'K09', 'Ya'),
(166, 141, 'K10', 'Ya'),
(167, 142, 'K01', 'Ya'),
(168, 142, 'K02', 'Ya'),
(169, 142, 'K03', 'Ya'),
(170, 142, 'K04', 'Ya'),
(171, 142, 'K05', 'Ya'),
(172, 142, 'K06', 'Ya'),
(173, 142, 'K07', 'Ya'),
(174, 142, 'K08', 'Ya'),
(175, 142, 'K09', 'Ya'),
(176, 142, 'K10', 'Ya'),
(177, 143, 'K01', 'Ya'),
(178, 143, 'K02', 'Ya'),
(179, 143, 'K03', 'Ya'),
(180, 143, 'K04', 'Ya'),
(181, 143, 'K05', 'Ya'),
(182, 143, 'K06', 'Ya'),
(183, 143, 'K07', 'Ya'),
(184, 143, 'K08', 'Ya'),
(185, 143, 'K09', 'Ya'),
(186, 143, 'K10', 'Ya'),
(187, 144, 'K01', 'Ya'),
(188, 144, 'K02', 'Ya'),
(189, 144, 'K03', 'Ya'),
(190, 144, 'K04', 'Ya'),
(191, 144, 'K05', 'Ya'),
(192, 144, 'K06', 'Ya'),
(193, 144, 'K07', 'Ya'),
(194, 144, 'K08', 'Ya'),
(195, 144, 'K09', 'Ya'),
(196, 144, 'K10', 'Ya'),
(197, 145, 'K01', 'Ya'),
(198, 145, 'K02', 'Ya'),
(199, 145, 'K03', 'Ya'),
(200, 145, 'K04', 'Ya'),
(201, 145, 'K05', 'Ya'),
(202, 145, 'K09', 'Ya'),
(203, 145, 'K06', 'Ya'),
(204, 145, 'K10', 'Ya'),
(205, 145, 'K07', 'Ya'),
(206, 145, 'K08', 'Ya'),
(208, 146, 'K02', 'Ya'),
(209, 146, 'K03', 'Ya'),
(210, 146, 'K04', 'Ya'),
(211, 146, 'K05', 'Ya'),
(212, 146, 'K06', 'Ya'),
(213, 146, 'K08', 'Ya'),
(214, 146, 'K07', 'Ya'),
(215, 146, 'K09', 'Ya'),
(216, 146, 'K10', 'Ya'),
(217, 147, 'K01', 'Ya'),
(218, 147, 'K02', 'Ya'),
(219, 147, 'K03', 'Ya'),
(220, 147, 'K04', 'Ya'),
(221, 147, 'K05', 'Ya'),
(222, 147, 'K06', 'Ya'),
(223, 147, 'K07', 'Ya'),
(224, 147, 'K08', 'Ya'),
(225, 147, 'K10', 'Ya'),
(226, 147, 'K09', 'Ya'),
(227, 148, 'K01', 'Ya'),
(228, 148, 'K02', 'Ya'),
(229, 148, 'K03', 'Ya'),
(230, 148, 'K04', 'Ya'),
(231, 148, 'K05', 'Ya'),
(232, 148, 'K06', 'Ya'),
(233, 148, 'K07', 'Ya'),
(234, 148, 'K08', 'Ya'),
(235, 148, 'K09', 'Ya'),
(236, 148, 'K10', 'Ya'),
(237, 149, 'K01', 'Ya'),
(238, 149, 'K02', 'Ya'),
(239, 149, 'K03', 'Ya'),
(240, 149, 'K04', 'Ya'),
(241, 149, 'K05', 'Ya'),
(242, 149, 'K06', 'Ya'),
(243, 149, 'K07', 'Ya'),
(244, 149, 'K08', 'Ya'),
(245, 149, 'K09', 'Ya'),
(246, 149, 'K10', 'Ya'),
(247, 150, 'K01', 'Ya'),
(248, 150, 'K02', 'Ya'),
(249, 150, 'K03', 'Ya'),
(250, 150, 'K04', 'Ya'),
(251, 150, 'K05', 'Ya'),
(252, 150, 'K06', 'Ya'),
(253, 150, 'K07', 'Ya'),
(254, 150, 'K08', 'Ya'),
(255, 150, 'K09', 'Ya'),
(256, 150, 'K10', 'Ya'),
(257, 151, 'K01', 'Ya'),
(258, 151, 'K02', 'Ya'),
(259, 151, 'K03', 'Ya'),
(260, 151, 'K04', 'Ya'),
(261, 151, 'K05', 'Ya'),
(262, 151, 'K06', 'Ya'),
(263, 151, 'K07', 'Ya'),
(264, 151, 'K08', 'Ya'),
(265, 151, 'K09', 'Ya'),
(266, 151, 'K10', 'Ya'),
(267, 163, 'K01', 'Ya'),
(268, 163, 'K02', 'Ya'),
(269, 163, 'K03', 'Ya'),
(270, 163, 'K04', 'Ya'),
(271, 163, 'K05', 'Ya'),
(272, 163, 'K06', 'Ya'),
(273, 163, 'K07', 'Ya'),
(274, 163, 'K08', 'Ya'),
(275, 163, 'K09', 'Ya'),
(276, 163, 'K10', 'Ya'),
(277, 164, 'K01', 'Ya'),
(278, 164, 'K02', 'Ya'),
(279, 164, 'K03', 'Ya'),
(280, 164, 'K04', 'Ya'),
(281, 164, 'K05', 'Ya'),
(282, 164, 'K06', 'Ya'),
(283, 164, 'K07', 'Ya'),
(284, 164, 'K08', 'Ya'),
(285, 164, 'K09', 'Ya'),
(286, 164, 'K10', 'Ya'),
(287, 165, 'K01', 'Ya'),
(288, 165, 'K02', 'Ya'),
(289, 165, 'K03', 'Ya'),
(290, 165, 'K04', 'Ya'),
(291, 165, 'K05', 'Ya'),
(292, 165, 'K06', 'Ya'),
(293, 165, 'K07', 'Ya'),
(294, 165, 'K08', 'Ya'),
(295, 165, 'K09', 'Ya'),
(296, 165, 'K10', 'Ya'),
(297, 166, 'K01', 'Ya'),
(298, 166, 'K02', 'Ya'),
(299, 166, 'K03', 'Ya'),
(300, 166, 'K04', 'Ya'),
(301, 166, 'K05', 'Ya'),
(302, 166, 'K06', 'Ya'),
(303, 166, 'K07', 'Ya'),
(304, 166, 'K08', 'Ya'),
(305, 166, 'K09', 'Ya'),
(306, 166, 'K10', 'Ya'),
(307, 167, 'K01', 'Ya'),
(308, 167, 'K02', 'Ya'),
(309, 167, 'K03', 'Ya'),
(310, 167, 'K04', 'Ya'),
(311, 167, 'K05', 'Ya'),
(312, 167, 'K06', 'Ya'),
(313, 167, 'K07', 'Ya'),
(314, 167, 'K08', 'Ya'),
(315, 167, 'K09', 'Ya'),
(316, 167, 'K10', 'Ya'),
(317, 168, 'K01', 'Ya'),
(318, 168, 'K02', 'Ya'),
(319, 168, 'K03', 'Ya'),
(320, 168, 'K04', 'Ya'),
(321, 168, 'K05', 'Ya'),
(322, 168, 'K06', 'Ya'),
(323, 168, 'K07', 'Ya'),
(324, 168, 'K08', 'Ya'),
(325, 168, 'K09', 'Ya'),
(326, 168, 'K10', 'Ya'),
(327, 169, 'K01', 'Ya'),
(328, 169, 'K02', 'Ya'),
(329, 169, 'K03', 'Ya'),
(330, 169, 'K04', 'Ya'),
(331, 169, 'K05', 'Ya'),
(332, 169, 'K06', 'Ya'),
(333, 169, 'K07', 'Ya'),
(334, 169, 'K08', 'Ya'),
(335, 169, 'K09', 'Ya'),
(336, 169, 'K10', 'Ya'),
(337, 170, 'K01', 'Ya'),
(338, 170, 'K02', 'Ya'),
(339, 170, 'K03', 'Ya'),
(340, 170, 'K04', 'Ya'),
(341, 170, 'K05', 'Ya'),
(342, 170, 'K06', 'Ya'),
(343, 170, 'K08', 'Ya'),
(344, 170, 'K07', 'Ya'),
(345, 170, 'K09', 'Ya'),
(346, 170, 'K10', 'Ya'),
(347, 171, 'K01', 'Ya'),
(348, 171, 'K02', 'Ya'),
(349, 171, 'K03', 'Ya'),
(350, 171, 'K04', 'Ya'),
(351, 171, 'K05', 'Ya'),
(352, 171, 'K06', 'Ya'),
(353, 171, 'K07', 'Ya'),
(354, 171, 'K08', 'Ya'),
(355, 171, 'K09', 'Ya'),
(356, 171, 'K10', 'Ya'),
(357, 172, 'K01', 'Ya'),
(358, 172, 'K02', 'Ya'),
(359, 172, 'K03', 'Ya'),
(360, 172, 'K04', 'Ya'),
(361, 172, 'K05', 'Ya'),
(362, 172, 'K06', 'Ya'),
(363, 172, 'K07', 'Ya'),
(364, 172, 'K08', 'Ya'),
(365, 172, 'K09', 'Ya'),
(366, 172, 'K10', 'Ya'),
(367, 173, 'K01', 'Ya'),
(368, 173, 'K02', 'Ya'),
(369, 173, 'K03', 'Ya'),
(370, 173, 'K04', 'Ya'),
(371, 173, 'K05', 'Ya'),
(372, 173, 'K06', 'Ya'),
(373, 173, 'K07', 'Ya'),
(374, 173, 'K08', 'Ya'),
(375, 173, 'K09', 'Ya'),
(376, 173, 'K10', 'Ya'),
(377, 174, 'K01', 'Ya'),
(378, 174, 'K02', 'Ya'),
(379, 174, 'K03', 'Ya'),
(380, 174, 'K04', 'Ya'),
(381, 174, 'K05', 'Ya'),
(382, 174, 'K06', 'Ya'),
(383, 174, 'K07', 'Ya'),
(384, 174, 'K08', 'Ya'),
(385, 174, 'K09', 'Ya'),
(386, 174, 'K10', 'Ya'),
(387, 175, 'K01', 'Ya'),
(388, 175, 'K02', 'Ya'),
(389, 175, 'K03', 'Ya'),
(390, 175, 'K04', 'Ya'),
(391, 175, 'K05', 'Ya'),
(392, 175, 'K06', 'Ya'),
(393, 175, 'K07', 'Ya'),
(394, 175, 'K08', 'Ya'),
(395, 175, 'K09', 'Ya'),
(396, 175, 'K10', 'Ya'),
(397, 176, 'K01', 'Ya'),
(398, 176, 'K02', 'Ya'),
(399, 176, 'K03', 'Ya'),
(400, 176, 'K04', 'Ya'),
(401, 176, 'K05', 'Ya'),
(402, 176, 'K06', 'Ya'),
(403, 176, 'K07', 'Ya'),
(404, 176, 'K08', 'Ya'),
(405, 176, 'K09', 'Ya'),
(406, 176, 'K10', 'Ya'),
(407, 177, 'K01', 'Ya'),
(408, 177, 'K02', 'Ya'),
(409, 177, 'K03', 'Ya'),
(410, 177, 'K04', 'Ya'),
(411, 177, 'K05', 'Ya'),
(412, 177, 'K06', 'Ya'),
(413, 177, 'K07', 'Ya'),
(414, 177, 'K08', 'Ya'),
(415, 177, 'K09', 'Ya'),
(416, 177, 'K10', 'Ya'),
(417, 178, 'K01', 'Ya'),
(418, 178, 'K02', 'Ya'),
(419, 178, 'K03', 'Ya'),
(420, 178, 'K04', 'Ya'),
(421, 178, 'K05', 'Ya'),
(422, 178, 'K06', 'Ya'),
(423, 178, 'K07', 'Ya'),
(424, 178, 'K08', 'Ya'),
(425, 178, 'K09', 'Ya'),
(426, 178, 'K10', 'Ya'),
(427, 179, 'K01', 'Ya'),
(428, 179, 'K02', 'Ya'),
(429, 179, 'K03', 'Ya'),
(430, 179, 'K04', 'Ya'),
(431, 179, 'K05', 'Ya'),
(432, 179, 'K06', 'Ya'),
(433, 179, 'K07', 'Ya'),
(434, 179, 'K08', 'Ya'),
(435, 179, 'K09', 'Ya'),
(436, 179, 'K10', 'Ya'),
(437, 180, 'K01', 'Ya'),
(438, 180, 'K02', 'Ya'),
(439, 180, 'K03', 'Ya'),
(440, 180, 'K04', 'Ya'),
(441, 180, 'K05', 'Ya'),
(442, 180, 'K06', 'Ya'),
(443, 180, 'K07', 'Ya'),
(444, 180, 'K08', 'Ya'),
(445, 180, 'K09', 'Ya'),
(446, 180, 'K10', 'Ya'),
(447, 182, 'K01', 'Ya'),
(448, 182, 'K02', 'Ya'),
(449, 182, 'K03', 'Ya'),
(450, 182, 'K04', 'Ya'),
(451, 182, 'K05', 'Ya'),
(452, 182, 'K06', 'Ya'),
(453, 182, 'K07', 'Ya'),
(454, 182, 'K08', 'Ya'),
(455, 182, 'K09', 'Ya'),
(456, 182, 'K10', 'Ya'),
(457, 183, 'K01', 'Ya'),
(458, 183, 'K02', 'Ya'),
(459, 183, 'K03', 'Ya'),
(460, 183, 'K04', 'Ya'),
(461, 183, 'K05', 'Ya'),
(462, 183, 'K06', 'Ya'),
(463, 183, 'K07', 'Ya'),
(464, 183, 'K08', 'Ya'),
(465, 183, 'K09', 'Ya'),
(466, 183, 'K10', 'Ya'),
(467, 184, 'K01', 'Ya'),
(468, 184, 'K02', 'Ya'),
(469, 184, 'K03', 'Ya'),
(470, 184, 'K04', 'Ya'),
(471, 184, 'K05', 'Ya'),
(472, 184, 'K06', 'Ya'),
(473, 184, 'K07', 'Ya'),
(474, 184, 'K08', 'Ya'),
(475, 184, 'K09', 'Ya'),
(476, 184, 'K10', 'Ya'),
(477, 185, 'K01', 'Ya'),
(478, 185, 'K02', 'Ya'),
(479, 185, 'K03', 'Ya'),
(480, 185, 'K06', 'Ya'),
(481, 185, 'K04', 'Ya'),
(482, 185, 'K05', 'Ya'),
(483, 185, 'K07', 'Ya'),
(484, 185, 'K08', 'Ya'),
(485, 185, 'K09', 'Ya'),
(486, 185, 'K10', 'Ya'),
(487, 186, 'K01', 'Ya'),
(488, 186, 'K02', 'Ya'),
(489, 186, 'K03', 'Ya'),
(490, 186, 'K04', 'Ya'),
(491, 186, 'K05', 'Ya'),
(492, 186, 'K06', 'Ya'),
(493, 186, 'K08', 'Ya'),
(494, 186, 'K07', 'Ya'),
(495, 186, 'K09', 'Ya'),
(496, 186, 'K10', 'Ya'),
(497, 187, 'K01', 'Ya'),
(498, 187, 'K02', 'Ya'),
(499, 187, 'K03', 'Ya'),
(500, 187, 'K04', 'Ya'),
(501, 187, 'K05', 'Ya'),
(502, 187, 'K06', 'Ya'),
(503, 187, 'K08', 'Ya'),
(504, 187, 'K07', 'Ya'),
(505, 187, 'K09', 'Ya'),
(506, 187, 'K10', 'Ya'),
(507, 188, 'K01', 'Ya'),
(508, 188, 'K02', 'Ya'),
(509, 188, 'K03', 'Ya'),
(510, 188, 'K04', 'Ya'),
(511, 188, 'K05', 'Ya'),
(512, 188, 'K06', 'Ya'),
(513, 188, 'K07', 'Ya'),
(514, 188, 'K08', 'Ya'),
(515, 188, 'K09', 'Ya'),
(516, 188, 'K10', 'Ya'),
(517, 189, 'K01', 'Ya'),
(518, 189, 'K02', 'Ya'),
(519, 189, 'K03', 'Ya'),
(520, 189, 'K04', 'Ya'),
(521, 189, 'K05', 'Ya'),
(522, 189, 'K06', 'Ya'),
(523, 189, 'K07', 'Ya'),
(524, 189, 'K08', 'Ya'),
(525, 189, 'K09', 'Ya'),
(526, 189, 'K10', 'Ya'),
(527, 190, 'K01', 'Ya'),
(528, 190, 'K02', 'Ya'),
(529, 190, 'K04', 'Ya'),
(530, 190, 'K03', 'Ya'),
(531, 190, 'K05', 'Ya'),
(532, 190, 'K06', 'Ya'),
(533, 190, 'K07', 'Ya'),
(534, 190, 'K08', 'Ya'),
(535, 190, 'K09', 'Ya'),
(536, 190, 'K10', 'Ya'),
(537, 191, 'K01', 'Ya'),
(538, 191, 'K02', 'Ya'),
(539, 191, 'K03', 'Ya'),
(540, 191, 'K04', 'Ya'),
(541, 191, 'K05', 'Ya'),
(542, 191, 'K06', 'Ya'),
(543, 191, 'K07', 'Ya'),
(544, 191, 'K08', 'Ya'),
(545, 191, 'K09', 'Ya'),
(546, 191, 'K10', 'Ya'),
(547, 192, 'K01', 'Ya'),
(548, 192, 'K02', 'Ya'),
(549, 192, 'K03', 'Ya'),
(550, 192, 'K04', 'Ya'),
(551, 192, 'K05', 'Ya'),
(552, 192, 'K06', 'Ya'),
(553, 192, 'K07', 'Ya'),
(554, 192, 'K08', 'Ya'),
(555, 192, 'K09', 'Ya'),
(556, 192, 'K10', 'Ya'),
(557, 193, 'K01', 'Ya'),
(558, 193, 'K02', 'Ya'),
(559, 193, 'K03', 'Ya'),
(560, 193, 'K04', 'Ya'),
(561, 193, 'K05', 'Ya'),
(562, 193, 'K06', 'Ya'),
(563, 193, 'K07', 'Ya'),
(564, 193, 'K08', 'Ya'),
(565, 193, 'K09', 'Ya'),
(566, 193, 'K10', 'Ya'),
(567, 194, 'K01', 'Ya'),
(568, 194, 'K02', 'Ya'),
(569, 194, 'K03', 'Ya'),
(570, 194, 'K04', 'Ya'),
(571, 194, 'K05', 'Ya'),
(572, 194, 'K06', 'Ya'),
(573, 194, 'K07', 'Ya'),
(574, 194, 'K08', 'Ya'),
(575, 194, 'K09', 'Ya'),
(576, 194, 'K10', 'Ya'),
(577, 195, 'K01', 'Ya'),
(578, 195, 'K02', 'Ya'),
(579, 195, 'K03', 'Ya'),
(580, 195, 'K04', 'Ya'),
(581, 195, 'K05', 'Ya'),
(582, 195, 'K06', 'Ya'),
(583, 195, 'K07', 'Ya'),
(584, 195, 'K08', 'Ya'),
(585, 195, 'K09', 'Ya'),
(586, 195, 'K10', 'Ya'),
(587, 196, 'K01', 'Ya'),
(588, 196, 'K02', 'Ya'),
(589, 196, 'K03', 'Ya'),
(590, 196, 'K04', 'Ya'),
(591, 196, 'K05', 'Ya'),
(592, 196, 'K06', 'Ya'),
(593, 196, 'K07', 'Ya'),
(594, 196, 'K08', 'Ya'),
(595, 196, 'K09', 'Ya'),
(596, 196, 'K10', 'Ya'),
(597, 197, 'K01', 'Ya'),
(598, 197, 'K02', 'Ya'),
(599, 197, 'K03', 'Ya'),
(600, 197, 'K04', 'Ya'),
(601, 197, 'K05', 'Ya'),
(602, 197, 'K06', 'Ya'),
(603, 197, 'K07', 'Ya'),
(604, 197, 'K08', 'Ya'),
(605, 197, 'K09', 'Ya'),
(606, 197, 'K10', 'Ya'),
(607, 199, 'K01', 'Ya'),
(608, 199, 'K02', 'Ya'),
(609, 199, 'K03', 'Ya'),
(610, 199, 'K04', 'Ya'),
(611, 199, 'K05', 'Ya'),
(612, 199, 'K06', 'Ya'),
(613, 199, 'K07', 'Ya'),
(614, 199, 'K08', 'Ya'),
(615, 199, 'K09', 'Ya'),
(616, 199, 'K10', 'Ya'),
(617, 200, 'K01', 'Ya'),
(618, 200, 'K02', 'Ya'),
(619, 200, 'K03', 'Ya'),
(620, 200, 'K04', 'Ya'),
(621, 200, 'K05', 'Ya'),
(622, 200, 'K06', 'Ya'),
(623, 200, 'K07', 'Ya'),
(624, 200, 'K08', 'Ya'),
(625, 200, 'K09', 'Ya'),
(626, 200, 'K10', 'Ya'),
(627, 201, 'K01', 'Ya'),
(628, 201, 'K02', 'Ya'),
(629, 201, 'K03', 'Ya'),
(630, 201, 'K04', 'Ya'),
(631, 201, 'K05', 'Ya'),
(632, 201, 'K06', 'Ya'),
(633, 201, 'K08', 'Ya'),
(634, 201, 'K07', 'Ya'),
(635, 201, 'K09', 'Ya'),
(636, 201, 'K10', 'Ya'),
(637, 202, 'K01', 'Ya'),
(638, 202, 'K02', 'Ya'),
(639, 202, 'K03', 'Ya'),
(640, 202, 'K04', 'Ya'),
(641, 202, 'K05', 'Ya'),
(642, 202, 'K06', 'Ya'),
(643, 202, 'K07', 'Ya'),
(644, 202, 'K08', 'Ya'),
(645, 202, 'K09', 'Ya'),
(646, 202, 'K10', 'Ya'),
(647, 203, 'K01', 'Ya'),
(648, 203, 'K02', 'Ya'),
(649, 203, 'K03', 'Ya'),
(650, 203, 'K04', 'Ya'),
(651, 203, 'K05', 'Ya'),
(652, 203, 'K06', 'Ya'),
(653, 203, 'K07', 'Ya'),
(654, 203, 'K08', 'Ya'),
(655, 203, 'K09', 'Ya'),
(656, 203, 'K10', 'Ya'),
(657, 204, 'K01', 'Ya'),
(658, 204, 'K02', 'Ya'),
(659, 204, 'K03', 'Ya'),
(660, 204, 'K04', 'Ya'),
(661, 204, 'K05', 'Ya'),
(662, 204, 'K06', 'Ya'),
(663, 204, 'K07', 'Ya'),
(664, 204, 'K08', 'Ya'),
(665, 204, 'K09', 'Ya'),
(666, 204, 'K10', 'Ya'),
(667, 205, 'K01', 'Ya'),
(668, 205, 'K02', 'Ya'),
(669, 205, 'K03', 'Ya'),
(670, 205, 'K04', 'Ya'),
(671, 205, 'K05', 'Ya'),
(672, 205, 'K06', 'Ya'),
(673, 205, 'K07', 'Ya'),
(674, 205, 'K08', 'Ya'),
(675, 205, 'K09', 'Ya'),
(676, 205, 'K10', 'Ya'),
(677, 206, 'K01', 'Ya'),
(678, 206, 'K02', 'Ya'),
(679, 206, 'K03', 'Ya'),
(680, 206, 'K04', 'Ya'),
(681, 206, 'K05', 'Ya'),
(682, 206, 'K06', 'Ya'),
(683, 206, 'K07', 'Ya'),
(684, 206, 'K08', 'Ya'),
(685, 206, 'K09', 'Ya'),
(686, 206, 'K10', 'Ya'),
(687, 207, 'K01', 'Ya'),
(688, 207, 'K02', 'Ya'),
(689, 207, 'K03', 'Ya'),
(690, 207, 'K04', 'Ya'),
(691, 207, 'K05', 'Ya'),
(692, 207, 'K06', 'Ya'),
(693, 207, 'K07', 'Ya'),
(694, 207, 'K08', 'Ya'),
(695, 207, 'K09', 'Ya'),
(696, 207, 'K10', 'Ya'),
(697, 208, 'K01', 'Ya'),
(698, 208, 'K02', 'Ya'),
(699, 208, 'K03', 'Ya'),
(700, 208, 'K04', 'Ya'),
(701, 208, 'K05', 'Ya'),
(702, 208, 'K06', 'Ya'),
(703, 208, 'K07', 'Ya'),
(704, 208, 'K08', 'Ya'),
(705, 208, 'K09', 'Ya'),
(706, 208, 'K10', 'Ya'),
(707, 209, 'K01', 'Ya'),
(708, 209, 'K02', 'Ya'),
(709, 209, 'K03', 'Ya'),
(710, 209, 'K04', 'Ya'),
(711, 209, 'K05', 'Ya'),
(712, 209, 'K06', 'Ya'),
(713, 209, 'K07', 'Ya'),
(714, 209, 'K08', 'Ya'),
(715, 209, 'K09', 'Ya'),
(716, 209, 'K10', 'Ya'),
(717, 210, 'K01', 'Ya'),
(718, 210, 'K02', 'Ya'),
(719, 210, 'K03', 'Ya'),
(720, 210, 'K04', 'Ya'),
(721, 210, 'K05', 'Ya'),
(722, 210, 'K06', 'Ya'),
(723, 210, 'K07', 'Ya'),
(724, 210, 'K08', 'Ya'),
(725, 210, 'K09', 'Ya'),
(726, 210, 'K10', 'Ya'),
(727, 211, 'K01', 'Ya'),
(728, 211, 'K02', 'Ya'),
(729, 211, 'K03', 'Ya'),
(730, 211, 'K04', 'Ya'),
(731, 211, 'K05', 'Ya'),
(732, 211, 'K06', 'Ya'),
(733, 211, 'K07', 'Ya'),
(734, 211, 'K08', 'Ya'),
(735, 211, 'K09', 'Ya'),
(736, 211, 'K10', 'Ya'),
(737, 212, 'K01', 'Ya'),
(738, 212, 'K02', 'Ya'),
(739, 212, 'K03', 'Ya'),
(740, 212, 'K04', 'Ya'),
(741, 212, 'K05', 'Ya'),
(742, 212, 'K06', 'Ya'),
(743, 212, 'K07', 'Ya'),
(744, 212, 'K08', 'Ya'),
(745, 212, 'K09', 'Ya'),
(746, 212, 'K10', 'Ya'),
(747, 213, 'K01', 'Ya'),
(748, 213, 'K02', 'Ya'),
(749, 213, 'K03', 'Ya'),
(750, 213, 'K04', 'Ya'),
(751, 213, 'K05', 'Ya'),
(752, 213, 'K06', 'Ya'),
(753, 213, 'K07', 'Ya'),
(754, 213, 'K08', 'Ya'),
(755, 213, 'K09', 'Ya'),
(756, 213, 'K10', 'Ya'),
(757, 214, 'K01', 'Ya'),
(758, 214, 'K02', 'Ya'),
(759, 214, 'K03', 'Ya'),
(760, 214, 'K04', 'Ya'),
(761, 214, 'K05', 'Ya'),
(762, 214, 'K06', 'Ya'),
(763, 214, 'K07', 'Ya'),
(764, 214, 'K08', 'Ya'),
(765, 214, 'K09', 'Ya'),
(766, 214, 'K10', 'Ya'),
(767, 216, 'K01', 'Ya'),
(768, 216, 'K02', 'Ya'),
(769, 216, 'K03', 'Ya'),
(770, 216, 'K04', 'Ya'),
(771, 216, 'K05', 'Ya'),
(772, 216, 'K06', 'Ya'),
(773, 216, 'K07', 'Ya'),
(774, 216, 'K08', 'Ya'),
(775, 216, 'K09', 'Ya'),
(776, 216, 'K10', 'Ya'),
(777, 217, 'K01', 'Ya'),
(778, 217, 'K02', 'Ya'),
(779, 217, 'K03', 'Ya'),
(780, 217, 'K04', 'Ya'),
(781, 217, 'K05', 'Ya'),
(782, 217, 'K06', 'Ya'),
(783, 217, 'K07', 'Ya'),
(784, 217, 'K08', 'Ya'),
(785, 217, 'K09', 'Ya'),
(786, 217, 'K10', 'Ya'),
(787, 218, 'K01', 'Ya'),
(788, 218, 'K02', 'Ya'),
(789, 218, 'K03', 'Ya'),
(790, 218, 'K04', 'Ya'),
(791, 218, 'K05', 'Ya'),
(792, 218, 'K06', 'Ya'),
(793, 218, 'K07', 'Ya'),
(794, 218, 'K08', 'Ya'),
(795, 218, 'K09', 'Ya'),
(796, 218, 'K10', 'Ya'),
(797, 220, 'K01', 'Ya'),
(798, 220, 'K02', 'Ya'),
(799, 220, 'K03', 'Ya'),
(800, 220, 'K04', 'Ya'),
(801, 220, 'K05', 'Ya'),
(802, 220, 'K06', 'Ya'),
(803, 220, 'K07', 'Ya'),
(804, 220, 'K08', 'Ya'),
(805, 220, 'K09', 'Ya'),
(806, 220, 'K10', 'Ya'),
(807, 221, 'K01', 'Ya'),
(808, 221, 'K02', 'Ya'),
(809, 221, 'K03', 'Ya'),
(810, 221, 'K04', 'Ya'),
(811, 221, 'K05', 'Ya'),
(812, 221, 'K06', 'Ya'),
(813, 221, 'K07', 'Ya'),
(814, 221, 'K08', 'Ya'),
(815, 221, 'K09', 'Ya'),
(816, 221, 'K10', 'Ya'),
(817, 222, 'K01', 'Ya'),
(818, 222, 'K02', 'Ya'),
(819, 222, 'K03', 'Ya'),
(820, 222, 'K04', 'Ya'),
(821, 222, 'K05', 'Ya'),
(822, 222, 'K06', 'Ya'),
(823, 222, 'K07', 'Ya'),
(824, 222, 'K08', 'Ya'),
(825, 222, 'K10', 'Ya'),
(826, 222, 'K09', 'Ya'),
(827, 223, 'K01', 'Ya'),
(828, 223, 'K02', 'Ya'),
(829, 223, 'K03', 'Ya'),
(830, 223, 'K04', 'Ya'),
(831, 223, 'K05', 'Ya'),
(832, 223, 'K06', 'Ya'),
(833, 223, 'K07', 'Ya'),
(834, 223, 'K08', 'Ya'),
(835, 223, 'K09', 'Ya'),
(836, 223, 'K10', 'Ya'),
(837, 224, 'K01', 'Ya'),
(838, 224, 'K02', 'Ya'),
(839, 224, 'K03', 'Ya'),
(840, 224, 'K04', 'Ya'),
(841, 224, 'K05', 'Ya'),
(842, 224, 'K06', 'Ya'),
(843, 224, 'K07', 'Ya'),
(844, 224, 'K08', 'Ya'),
(845, 224, 'K09', 'Ya'),
(846, 224, 'K10', 'Ya'),
(847, 225, 'K01', 'Ya'),
(848, 225, 'K02', 'Ya'),
(849, 225, 'K03', 'Ya'),
(850, 225, 'K04', 'Ya'),
(851, 225, 'K05', 'Ya'),
(852, 225, 'K06', 'Ya'),
(853, 225, 'K07', 'Ya'),
(854, 225, 'K08', 'Ya'),
(855, 225, 'K09', 'Ya'),
(856, 225, 'K10', 'Ya'),
(857, 226, 'K01', 'Ya'),
(858, 226, 'K02', 'Ya'),
(859, 226, 'K03', 'Ya'),
(860, 226, 'K04', 'Ya'),
(861, 226, 'K05', 'Ya'),
(862, 226, 'K06', 'Ya'),
(863, 226, 'K07', 'Ya'),
(864, 226, 'K08', 'Ya'),
(865, 226, 'K09', 'Ya'),
(866, 226, 'K10', 'Ya'),
(867, 227, 'K01', 'Ya'),
(868, 227, 'K02', 'Ya'),
(869, 227, 'K03', 'Ya'),
(870, 227, 'K04', 'Ya'),
(871, 227, 'K05', 'Ya'),
(872, 227, 'K06', 'Ya'),
(873, 227, 'K07', 'Ya'),
(874, 227, 'K08', 'Ya'),
(875, 227, 'K09', 'Ya'),
(876, 227, 'K10', 'Ya'),
(877, 228, 'K01', 'Ya'),
(878, 228, 'K02', 'Ya'),
(879, 228, 'K03', 'Ya'),
(880, 228, 'K04', 'Ya'),
(881, 228, 'K05', 'Ya'),
(882, 228, 'K06', 'Ya'),
(883, 228, 'K07', 'Ya'),
(884, 228, 'K08', 'Ya'),
(885, 228, 'K09', 'Ya'),
(886, 228, 'K10', 'Ya'),
(887, 229, 'K01', 'Ya'),
(888, 229, 'K02', 'Ya'),
(889, 229, 'K03', 'Ya'),
(890, 229, 'K04', 'Ya'),
(891, 229, 'K05', 'Ya'),
(892, 229, 'K06', 'Ya'),
(893, 229, 'K07', 'Ya'),
(894, 229, 'K09', 'Ya'),
(895, 229, 'K08', 'Ya'),
(896, 229, 'K10', 'Ya'),
(897, 152, 'K03', 'Ya'),
(898, 152, 'K04', 'Ya'),
(899, 152, 'K05', 'Ya'),
(900, 152, 'K06', 'Ya'),
(901, 152, 'K07', 'Ya'),
(902, 152, 'K08', 'Ya'),
(903, 152, 'K09', 'Ya'),
(904, 152, 'K10', 'Ya'),
(905, 153, 'K02', 'Ya'),
(906, 153, 'K03', 'Ya'),
(907, 153, 'K04', 'Ya'),
(908, 153, 'K05', 'Ya'),
(909, 153, 'K06', 'Ya'),
(910, 153, 'K07', 'Ya'),
(911, 153, 'K08', 'Ya'),
(912, 153, 'K09', 'Ya'),
(913, 153, 'K10', 'Ya'),
(914, 154, 'K01', 'Ya'),
(915, 154, 'K02', 'Ya'),
(916, 154, 'K03', 'Ya'),
(917, 154, 'K04', 'Ya'),
(918, 154, 'K05', 'Ya'),
(919, 154, 'K06', 'Ya'),
(920, 154, 'K07', 'Ya'),
(921, 154, 'K08', 'Ya'),
(922, 154, 'K09', 'Ya'),
(923, 154, 'K10', 'Ya'),
(924, 155, 'K01', 'Ya'),
(925, 155, 'K02', 'Ya'),
(926, 155, 'K03', 'Ya'),
(927, 155, 'K04', 'Ya'),
(928, 155, 'K05', 'Ya'),
(929, 155, 'K06', 'Ya'),
(930, 155, 'K07', 'Ya'),
(931, 155, 'K08', 'Ya'),
(932, 155, 'K09', 'Ya'),
(933, 155, 'K10', 'Ya'),
(934, 156, 'K01', 'Ya'),
(935, 156, 'K02', 'Ya'),
(936, 156, 'K03', 'Ya'),
(937, 156, 'K04', 'Ya'),
(938, 156, 'K05', 'Ya'),
(939, 156, 'K06', 'Ya'),
(940, 156, 'K07', 'Ya'),
(941, 156, 'K08', 'Ya'),
(942, 156, 'K09', 'Ya'),
(943, 156, 'K10', 'Ya'),
(944, 157, 'K01', 'Ya'),
(945, 157, 'K02', 'Ya'),
(946, 157, 'K03', 'Ya'),
(947, 157, 'K04', 'Ya'),
(948, 157, 'K05', 'Ya'),
(949, 157, 'K06', 'Ya'),
(950, 157, 'K07', 'Ya'),
(951, 157, 'K08', 'Ya'),
(952, 157, 'K09', 'Ya'),
(953, 157, 'K10', 'Ya'),
(954, 158, 'K01', 'Ya'),
(955, 158, 'K02', 'Ya'),
(956, 158, 'K03', 'Ya'),
(957, 158, 'K04', 'Ya'),
(958, 158, 'K05', 'Ya'),
(959, 158, 'K06', 'Ya'),
(960, 158, 'K07', 'Ya'),
(961, 158, 'K08', 'Ya'),
(962, 158, 'K09', 'Ya'),
(963, 158, 'K10', 'Ya'),
(964, 159, 'K01', 'Ya'),
(965, 159, 'K02', 'Ya'),
(966, 159, 'K03', 'Ya'),
(967, 159, 'K04', 'Ya'),
(968, 159, 'K05', 'Ya'),
(969, 159, 'K06', 'Ya'),
(970, 159, 'K08', 'Ya'),
(971, 159, 'K09', 'Ya'),
(972, 159, 'K10', 'Ya'),
(973, 159, 'K07', 'Ya'),
(974, 160, 'K01', 'Ya'),
(975, 160, 'K02', 'Ya'),
(976, 160, 'K03', 'Ya'),
(977, 160, 'K04', 'Ya'),
(978, 160, 'K05', 'Ya'),
(979, 160, 'K06', 'Ya'),
(980, 160, 'K10', 'Ya'),
(981, 160, 'K07', 'Ya'),
(982, 160, 'K08', 'Ya'),
(983, 160, 'K09', 'Ya'),
(984, 161, 'K01', 'Ya'),
(985, 161, 'K02', 'Ya'),
(986, 161, 'K03', 'Ya'),
(987, 161, 'K04', 'Ya'),
(988, 161, 'K05', 'Ya'),
(989, 161, 'K06', 'Ya'),
(990, 161, 'K07', 'Ya'),
(991, 161, 'K08', 'Ya'),
(992, 161, 'K09', 'Ya'),
(993, 161, 'K10', 'Ya'),
(994, 162, 'K01', 'Ya'),
(995, 162, 'K02', 'Ya'),
(996, 162, 'K03', 'Ya'),
(997, 162, 'K04', 'Ya'),
(998, 162, 'K05', 'Ya'),
(999, 162, 'K06', 'Ya'),
(1000, 162, 'K07', 'Ya'),
(1001, 162, 'K08', 'Ya'),
(1002, 162, 'K09', 'Ya'),
(1003, 162, 'K10', 'Ya'),
(1006, 146, 'K01', 'Ya');

-- --------------------------------------------------------

--
-- Table structure for table `kelompok_ukt`
--

CREATE TABLE `kelompok_ukt` (
  `id_mahasiswa` int(5) NOT NULL,
  `nama_mahasiswa` varchar(50) NOT NULL,
  `kelompok` int(2) NOT NULL,
  `nilai_total` varchar(100) NOT NULL
) ENGINE=InnoDB DEFAULT CHARSET=latin1;

--
-- Dumping data for table `kelompok_ukt`
--

INSERT INTO `kelompok_ukt` (`id_mahasiswa`, `nama_mahasiswa`, `kelompok`, `nilai_total`) VALUES
(128, 'Monika Whindasari T.', 3, '0.822887'),
(131, 'Shella Mida Juniarti', 3, '0.836476'),
(132, 'Utin Marisa', 3, '0.836476'),
(127, '', 3, '0.73791'),
(130, 'Riski Latifah', 3, '0.67608'),
(133, 'Widia Dwi Cahyanti', 3, '0.610409'),
(129, 'Muhammad Sunariya', 4, '0.264566'),
(146, 'Retno', 2, '0.854744'),
(145, 'Hilza Syahdini', 2, '0.860676'),
(137, 'Retry Asykurani Abdillah', 3, '0.819249'),
(142, 'Yola Oktavia', 3, '0.728825'),
(147, 'Pipit Kusmayanti', 3, '0.699594'),
(151, 'Listiawati', 3, '0.714331'),
(134, 'Alphi Praja Andika', 3, '0.668283'),
(148, 'Syarif Umar Faezal', 3, '0.638397'),
(136, 'Putri Balqis Alghozali', 3, '0.640636'),
(143, 'Yuli Ayu Nursinta', 3, '0.624132'),
(135, 'Asterina', 3, '0.626328'),
(144, 'Desi Suryaningsih', 3, '0.62043'),
(138, 'Sri Harsita', 3, '0.613442'),
(149, 'Veronika Pitri', 3, '0.601464'),
(140, 'Maura Aulia Finirsa', 3, '0.585477'),
(150, 'Ya Muhammad Arsyad', 3, '0.575887'),
(139, 'Bahrian Kuncoro Aji', 3, '0.488243'),
(141, 'Erine Aqrelia', 3, '0.439569'),
(206, 'Ika Tamara Putri', 1, '0.884132'),
(168, 'Rinta Cahyani', 1, '0.892638'),
(229, 'Afuwu Afriana', 1, '0.885231'),
(154, 'Muhammad Wildan', 2, '0.855951'),
(228, 'Muhammad Wahyudi', 1, '0.863939'),
(211, 'Jakaria', 1, '0.863038'),
(180, 'Winny Chindrianti', 2, '0.854744'),
(159, 'Hanifah', 2, '0.854744'),
(204, 'Titania Nefi Putri', 3, '0.853748'),
(192, 'Aulia Nurul Hasanah', 3, '0.836476'),
(225, 'Chorry Anggreini', 3, '0.836476'),
(212, 'Theo Yoyo', 3, '0.83512'),
(220, 'Nadya Syifa Alfikri', 3, '0.829057'),
(184, 'Yuni Ardianti', 3, '0.811987'),
(186, 'Teofilius Sintan', 3, '0.828297'),
(209, 'Wendy Kristianto', 3, '0.788494'),
(191, 'Vridolin Vicry', 3, '0.78788'),
(202, 'Tirta Prayoga', 3, '0.813119'),
(185, 'Rahmi Fadhillah', 3, '0.778014'),
(156, 'Muhammad Rizki', 3, '0.780891'),
(155, 'Sri Wahyuni', 3, '0.764228'),
(227, 'Elsa Claudia', 3, '0.787099'),
(223, 'Septian Surya Pratama', 3, '0.773317'),
(196, 'Vera Magdalena', 3, '0.760536'),
(187, 'Septiana', 3, '0.747732'),
(195, 'Sindi Aprianti', 3, '0.744535'),
(188, 'Khaerunnisa Nur Eka Dyah Oktaviani', 3, '0.73926'),
(200, 'Septia Miranti', 3, '0.736867'),
(172, 'Evi Nopita Sari', 3, '0.722266'),
(189, 'Endang', 3, '0.723673'),
(163, 'Adrianus Domi', 3, '0.710412'),
(194, 'Siti Rahayu', 3, '0.704081'),
(153, 'Firdha Kusuma Wulandari', 3, '0.700677'),
(164, 'Dendy Mulyajaya', 3, '0.68665'),
(230, 'Dewi Dwi Purwati', 3, '0.685765'),
(193, 'Salsabila Harmawanda', 3, '0.66358'),
(203, 'Khaisya Febrianti', 3, '0.668747'),
(226, 'Aprianto', 3, '0.653021'),
(190, 'Yanda Annisa Putri', 3, '0.646807'),
(183, 'Okhari Kafriandeni', 3, '0.643331'),
(170, 'Chelse Dwi Apriyana Tamba', 3, '0.630946'),
(167, 'Ranny Prastika', 3, '0.623685'),
(217, 'Dewi Natalie', 3, '0.620771'),
(157, 'Delina Widiyanti', 3, '0.609226'),
(165, 'Hansen Alexander Rustan', 3, '0.601009'),
(161, 'Reza Primurdany', 3, '0.596766'),
(210, 'Silfiansyah Akbar', 3, '0.595563'),
(214, 'Nadia Adiningsih', 3, '0.595324'),
(182, 'Putri Safrilia', 3, '0.592241'),
(205, 'Sri Eka Indriani', 3, '0.589015'),
(221, 'Bunga Aprilianti', 3, '0.583441'),
(160, 'Melinia Febriyanti', 3, '0.585477'),
(197, 'Ummu Safa Salsabila', 3, '0.583193'),
(213, 'Didiek Sugandi', 3, '0.581955'),
(222, 'Cindy Priscilla H', 3, '0.568266'),
(218, 'Silvia Khairani', 3, '0.567266'),
(216, 'Rifky Nugraha Utama', 3, '0.556557'),
(171, 'Clara Vista Magdalena Sihombin', 3, '0.555898'),
(166, 'Nurul Baiti', 3, '0.555266'),
(158, 'Dimas Aji Nugroho', 3, '0.556972'),
(201, 'Leo Kristanto Tri Nugroho', 3, '0.493055'),
(162, 'Tasha Safira Putri', 3, '0.494717'),
(174, 'Junita', 3, '0.454339'),
(224, 'Afrizalya Pranandari Santoso', 3, '0.452742'),
(199, 'Teti Amalia Novianti', 4, '0.278941'),
(208, 'Rezky Ramadhani', 3, '0.417673'),
(177, 'Rido Amarrullah', 4, '0.354152'),
(207, 'Vini Angria', 4, '0.353416'),
(179, 'Tan Ade Indra Satria', 4, '0.298766'),
(175, 'Nur Addina Putri', 4, '0.250908'),
(178, 'Siti Dwi Purwanti', 4, '0.233122'),
(176, 'Rahmanita Febrianti Rusmaningtyas', 4, '0.245967'),
(152, 'Al Asma', 4, '0.221363'),
(173, 'Hastri Sastia Wuri', 4, '0.215321'),
(169, 'Yasa Khalqiah', 5, '0.159033');

-- --------------------------------------------------------

--
-- Table structure for table `kriteria`
--

CREATE TABLE `kriteria` (
  `id_kriteria` int(11) NOT NULL,
  `nama_kriteria` varchar(255) NOT NULL,
  `kode_kriteria` varchar(255) NOT NULL,
  `ranking_kriteria` int(11) NOT NULL,
  `kategori` enum('benefit','cost') NOT NULL
) ENGINE=InnoDB DEFAULT CHARSET=latin1;

--
-- Dumping data for table `kriteria`
--

INSERT INTO `kriteria` (`id_kriteria`, `nama_kriteria`, `kode_kriteria`, `ranking_kriteria`, `kategori`) VALUES
(3, 'Pekerjaan Ibu', 'K04', 4, 'cost'),
(4, 'Penghasilan Ayah', 'K01', 1, 'cost'),
(6, 'Penghasilan Ibu', 'K02', 2, 'cost'),
(7, 'Status Kepemilikan Rumah', 'K09', 9, 'cost'),
(8, 'PBB (Pajak Bumi Bangunan)', 'K10', 10, 'cost'),
(10, 'Pajak Kendaraan Roda 2', 'K07', 7, 'cost'),
(11, 'Pajak Kendaraan Roda 4', 'K08', 8, 'cost'),
(12, 'Daya Listrik/Token', 'K06', 6, 'cost'),
(27, 'Pekerjaan Ayah', 'K03', 3, 'cost'),
(31, 'Jumlah Tanggungan Orangtua', 'K05', 5, 'benefit');

-- --------------------------------------------------------

--
-- Table structure for table `lampiran_mahasiswa`
--

CREATE TABLE `lampiran_mahasiswa` (
  `id_mahasiswa` int(5) NOT NULL,
  `nama_mahasiswa` varchar(100) NOT NULL,
  `kode_kriteria` varchar(3) NOT NULL,
  `interval_parameter` text NOT NULL,
  `nama_file` varchar(1000) NOT NULL
) ENGINE=InnoDB DEFAULT CHARSET=latin1;

--
-- Dumping data for table `lampiran_mahasiswa`
--

INSERT INTO `lampiran_mahasiswa` (`id_mahasiswa`, `nama_mahasiswa`, `kode_kriteria`, `interval_parameter`, `nama_file`) VALUES
(127, 'Mahendra', 'K01', 'Rp. 1.000.001,00 s.d Rp. 2.000.000,00', '4180319261_584273843.jpg'),
(127, 'Mahendra', 'K02', '0 - Rp. 500.000,00', '4180319261_716664155.jpg'),
(127, 'Mahendra', 'K03', 'Petani', '4180319261_145707825.jpg'),
(127, 'Mahendra', 'K04', 'Ibu Rumah Tangga', '4180319261_135057563.jpg'),
(127, 'Mahendra', 'K05', '<=3 Orang', '4180319261_979585016.jpg'),
(127, 'Mahendra', 'K06', '1300 / Rp. 300.001,00 s.d Rp. 500.000,00', '4180319261_976000267.jpg'),
(127, 'Mahendra', 'K07', 'Rp. 200.001,00 s.d Rp. 400.000,00', '4180319261_1154129848.jpg'),
(127, 'Mahendra', 'K08', 'Kurang dari sama dengan Rp. 250.000,00', '4180319261_313625646.jpg'),
(127, 'Mahendra', 'K09', 'Milik sendiri / Milik Orangtua / milik Wali', '4180319261_1135352966.jpg'),
(127, 'Mahendra', 'K10', 'Rp. 1,00 s.d Rp. 50.000,00 ', '0fc7d3d0-220f-41b5-97c5-6b2e1da18737.jpg'),
(128, 'Monika Whindasari T.', 'K01', '0 - Rp.500.000,00', '4180267159_1140655031.jpg'),
(128, 'Monika Whindasari T.', 'K02', '0 - Rp. 500.000,00', '4180267159_1020057376.jpg'),
(128, 'Monika Whindasari T.', 'K03', 'Petani', '4180267159_299786751.jpg'),
(128, 'Monika Whindasari T.', 'K04', 'Petani', '4180267159_627753245.jpg'),
(128, 'Monika Whindasari T.', 'K05', '4 - 5 Orang', '4180267159_660696171.jpg'),
(128, 'Monika Whindasari T.', 'K06', '900 / Rp. 150.001,00 s.d Rp. 300.000,00', '4180267159_786790251.jpg'),
(128, 'Monika Whindasari T.', 'K07', 'Rp. 100.001,00 s.d Rp. 200.000,00', '4180267159_1371942846.jpg'),
(128, 'Monika Whindasari T.', 'K08', 'Kurang dari sama dengan Rp. 250.000,00', '4180267159_1040847628.jpg'),
(128, 'Monika Whindasari T.', 'K09', 'Milik sendiri / Milik Orangtua / milik Wali', '4180267159_931973371.jpg'),
(128, 'Monika Whindasari T.', 'K10', 'Rp. 1,00 s.d Rp. 50.000,00 ', '719f2e42-4dfc-4aca-a932-b2dab71af810.jpg'),
(129, 'Muhammad Sunariya', 'K01', '>= Rp. 4.000.000,00', '4180285792_926578892.jpg'),
(129, 'Muhammad Sunariya', 'K02', '>= Rp. 4.000.000,00', '4180285792_1289119400.jpg'),
(129, 'Muhammad Sunariya', 'K03', 'Karyawan Swasta', '4180285792_1010674198.jpg'),
(129, 'Muhammad Sunariya', 'K04', 'PNS Gol IV', '4180285792_1117188473.jpg'),
(129, 'Muhammad Sunariya', 'K05', '<=3 Orang', '4180285792_270468792.jpg'),
(129, 'Muhammad Sunariya', 'K06', '900 / Rp. 150.001,00 s.d Rp. 300.000,00', '4180285792_23077147.jpg'),
(129, 'Muhammad Sunariya', 'K07', 'Rp. 200.001,00 s.d Rp. 400.000,00', '4180285792_784576386.jpg'),
(129, 'Muhammad Sunariya', 'K08', 'Kurang dari sama dengan Rp. 250.000,00', '4180285792_501342696.jpg'),
(129, 'Muhammad Sunariya', 'K09', 'Milik sendiri / Milik Orangtua / milik Wali', '4180285792_369653670.jpg'),
(129, 'Muhammad Sunariya', 'K10', 'Rp. 100.001,00 s.d Rp. 300.000,00', '1a285ffb-84dc-45d2-9ff4-fcd56eba99cd.jpg'),
(130, 'Riski Latifah', 'K01', 'Rp. 1.000.001,00 s.d Rp. 2.000.000,00', '4180132886_171087136.JPG'),
(130, 'Riski Latifah', 'K02', '0 - Rp. 500.000,00', '4180132886_1179511941.JPG'),
(130, 'Riski Latifah', 'K03', 'Pengusaha Kecil', '4180132886_662306830.JPG'),
(130, 'Riski Latifah', 'K04', 'Ibu Rumah Tangga', '4180132886_662306830.JPG'),
(130, 'Riski Latifah', 'K05', '4 - 5 Orang', '4180132886_455688947.JPG'),
(130, 'Riski Latifah', 'K06', '450 / Rp. 50.001,00 Rp. 150.000,00', '4180132886_1043946605.JPG'),
(130, 'Riski Latifah', 'K07', 'Rp. 200.001,00 s.d Rp. 400.000,00', '4180132886_1389847959.JPG'),
(130, 'Riski Latifah', 'K08', 'Kurang dari sama dengan Rp. 250.000,00', '4180132886_1251483620.JPG'),
(130, 'Riski Latifah', 'K09', 'Milik sendiri / Milik Orangtua / milik Wali', '4180132886_127640359.JPG'),
(130, 'Riski Latifah', 'K10', 'Rp. 1,00 s.d Rp. 50.000,00 ', 'fb839963-cc2a-45d3-976c-bf4e8e490e43.jpg'),
(131, 'Shella Mida Juniarti', 'K01', 'Rp. 500.001 s.d Rp. 1.000.000,00', '4180290300_924081724.jpg'),
(131, 'Shella Mida Juniarti', 'K02', '0 - Rp. 500.000,00', '4180290300_195744771.jpg'),
(131, 'Shella Mida Juniarti', 'K03', 'Tukang', '4180290300_142459312.jpg'),
(131, 'Shella Mida Juniarti', 'K04', 'Ibu Rumah Tangga', '4180290300_797565914.jpg'),
(131, 'Shella Mida Juniarti', 'K05', '<=3 Orang', '4180290300_1136748818.jpg'),
(131, 'Shella Mida Juniarti', 'K06', '450 / Rp. 50.001,00 Rp. 150.000,00', '4180290300_1362742589.jpg'),
(131, 'Shella Mida Juniarti', 'K07', 'Rp. 200.001,00 s.d Rp. 400.000,00', '4180290300_458337944.jpg'),
(131, 'Shella Mida Juniarti', 'K08', 'Kurang dari sama dengan Rp. 250.000,00', '4180290300_1019161273.jpg'),
(131, 'Shella Mida Juniarti', 'K09', 'Milik sendiri / Milik Orangtua / milik Wali', '4180290300_1136748818.jpg'),
(131, 'Shella Mida Juniarti', 'K10', 'Rp. 1,00 s.d Rp. 50.000,00 ', 'f32ff045-bc75-40ea-8acb-0ec0b81b4632.jpg'),
(132, 'Utin Marisa', 'K01', 'Rp. 500.001 s.d Rp. 1.000.000,00', '4180164517_464375449.jpg'),
(132, 'Utin Marisa', 'K02', '0 - Rp. 500.000,00', '4180164517_46736762.jpg'),
(132, 'Utin Marisa', 'K03', 'Petani', '4180164517_505984736.jpg'),
(132, 'Utin Marisa', 'K04', 'Ibu Rumah Tangga', '4180164517_611244638.jpg'),
(132, 'Utin Marisa', 'K05', '<=3 Orang', '4180164517_320060974.jpg'),
(132, 'Utin Marisa', 'K06', '450 / Rp. 50.001,00 Rp. 150.000,00', '4180164517_724660231.jpg'),
(132, 'Utin Marisa', 'K07', 'Rp. 200.001,00 s.d Rp. 400.000,00', '4180164517_1245763543.jpg'),
(132, 'Utin Marisa', 'K08', 'Kurang dari sama dengan Rp. 250.000,00', '4180164517_130651023.jpg'),
(132, 'Utin Marisa', 'K09', 'Milik sendiri / Milik Orangtua / milik Wali', '4180164517_152151713.jpg'),
(132, 'Utin Marisa', 'K10', 'Rp. 1,00 s.d Rp. 50.000,00 ', '0fdd9586-21e8-4e84-8df5-6e5d72f3b809.jpg'),
(133, 'Widia Dwi Cahyanti', 'K01', 'Rp. 1.000.001,00 s.d Rp. 2.000.000,00', '4180183281_1351358203.jpg'),
(133, 'Widia Dwi Cahyanti', 'K02', 'Rp. 1.000.001,00 s.d Rp. 2.000.000,00', '4180183281_781940685.jpg'),
(133, 'Widia Dwi Cahyanti', 'K03', 'Petani', '4180183281_1125634361.jpg'),
(133, 'Widia Dwi Cahyanti', 'K04', 'Petani', '4180183281_1125634361.jpg'),
(133, 'Widia Dwi Cahyanti', 'K05', '<=3 Orang', '4180183281_139544196.jpg'),
(133, 'Widia Dwi Cahyanti', 'K06', '900 / Rp. 150.001,00 s.d Rp. 300.000,00', '4180183281_353823625.jpg'),
(133, 'Widia Dwi Cahyanti', 'K07', 'Rp. 100.001,00 s.d Rp. 200.000,00', '4180183281_221239644.jpg'),
(133, 'Widia Dwi Cahyanti', 'K08', 'Kurang dari sama dengan Rp. 250.000,00', '4180183281_1202679433.jpg'),
(133, 'Widia Dwi Cahyanti', 'K09', 'Milik sendiri / Milik Orangtua / milik Wali', '4180183281_1186172194.jpg'),
(133, 'Widia Dwi Cahyanti', 'K10', 'Rp. 1,00 s.d Rp. 50.000,00 ', 'e1e46762-69f2-4eb9-8386-4205038dea6c.jpg'),
(134, 'Alphi Praja Andika', 'K01', 'Rp. 1.000.001,00 s.d Rp. 2.000.000,00', '4180426528_851161729.jpg'),
(134, 'Alphi Praja Andika', 'K02', '0 - Rp. 500.000,00', '4180426528_777952956.jpg'),
(134, 'Alphi Praja Andika', 'K03', 'Perwira Pertama', '4180426528_308182066.jpg'),
(134, 'Alphi Praja Andika', 'K04', 'Ibu Rumah Tangga', '4180426528_1089401503.jpg'),
(134, 'Alphi Praja Andika', 'K05', '<=3 Orang', '4180426528_548170268.jpg'),
(134, 'Alphi Praja Andika', 'K06', '900 / Rp. 150.001,00 s.d Rp. 300.000,00', '4180426528_863147854.jpg'),
(134, 'Alphi Praja Andika', 'K07', 'Rp. 200.001,00 s.d Rp. 400.000,00', '4180426528_1236841721.jpg'),
(134, 'Alphi Praja Andika', 'K08', 'Kurang dari sama dengan Rp. 250.000,00', '4180426528_1162359494.jpg'),
(134, 'Alphi Praja Andika', 'K09', 'Milik sendiri / Milik Orangtua / milik Wali', '4180426528_1022772050.jpg'),
(134, 'Alphi Praja Andika', 'K10', 'Rp. 1,00 s.d Rp. 50.000,00 ', 'a52c25e0-d3fe-4fa5-a747-b40a600d856c.jpg'),
(135, 'Asterina', 'K01', 'Rp. 2.000.001,00 s.d Rp. 3.999.999,00', '4180462880_669845299.jpg'),
(135, 'Asterina', 'K02', '0 - Rp. 500.000,00', '4180462880_460728081.jpg'),
(135, 'Asterina', 'K03', 'PNS Gol IV', '4180462880_502529520.jpg'),
(135, 'Asterina', 'K04', 'Ibu Rumah Tangga', '4180462880_335219398.jpg'),
(135, 'Asterina', 'K05', '<=3 Orang', '4180462880_814885528.jpg'),
(135, 'Asterina', 'K06', '1300 / Rp. 300.001,00 s.d Rp. 500.000,00', '4180462880_1001086207.jpg'),
(135, 'Asterina', 'K07', 'Rp. 100.001,00 s.d Rp. 200.000,00', '4180462880_1318707345.jpg'),
(135, 'Asterina', 'K08', 'Kurang dari sama dengan Rp. 250.000,00', '4180462880_905521375.jpg'),
(135, 'Asterina', 'K09', 'Milik sendiri / Milik Orangtua / milik Wali', '4180462880_1109719634.jpg'),
(135, 'Asterina', 'K10', 'Rp. 1,00 s.d Rp. 50.000,00 ', '9d3b86ca-3d10-49c4-9165-451b3ce0ef75.jpg'),
(136, 'Putri Balqis Alghozali', 'K01', 'Rp. 2.000.001,00 s.d Rp. 3.999.999,00', '4180255541_1310208707.jpg'),
(136, 'Putri Balqis Alghozali', 'K02', '0 - Rp. 500.000,00', '4180255541_982563662.jpg'),
(136, 'Putri Balqis Alghozali', 'K03', 'PNS Gol III', '4180255541_310696234.jpg'),
(136, 'Putri Balqis Alghozali', 'K04', 'Ibu Rumah Tangga', '4180255541_875153441.jpg'),
(136, 'Putri Balqis Alghozali', 'K05', '<=3 Orang', '4180255541_532951767.jpg'),
(136, 'Putri Balqis Alghozali', 'K06', '450 / Rp. 50.001,00 Rp. 150.000,00', '4180255541_1299424770.jpg'),
(136, 'Putri Balqis Alghozali', 'K07', 'Rp. 200.001,00 s.d Rp. 400.000,00', '4180255541_316259176.jpg'),
(136, 'Putri Balqis Alghozali', 'K08', 'Kurang dari sama dengan Rp. 250.000,00', '4180255541_920678831.jpg'),
(136, 'Putri Balqis Alghozali', 'K09', 'Milik sendiri / Milik Orangtua / milik Wali', '4180255541_531750966.jpg'),
(136, 'Putri Balqis Alghozali', 'K10', 'Rp. 1,00 s.d Rp. 50.000,00 ', '910740a4-399c-48a6-a5f5-da79bc8ba0c6.jpg'),
(137, 'Retry Asykurani Abdillah', 'K01', 'Rp. 500.001 s.d Rp. 1.000.000,00', '4180307493_644724384.jpg'),
(137, 'Retry Asykurani Abdillah', 'K02', '0 - Rp. 500.000,00', '4180307493_58979575.jpg'),
(137, 'Retry Asykurani Abdillah', 'K03', 'Pensiunan BUMN/BUMD', '4180307493_759363474.jpg'),
(137, 'Retry Asykurani Abdillah', 'K04', 'Ibu Rumah Tangga', '4180307493_759363474.jpg'),
(137, 'Retry Asykurani Abdillah', 'K05', '<=3 Orang', '4180307493_245455203.jpg'),
(137, 'Retry Asykurani Abdillah', 'K06', 'Tidak Ada Listrik / <= Rp. 50.000,00', '4180307493_1050041130.jpg'),
(137, 'Retry Asykurani Abdillah', 'K07', 'Rp. 100.001,00 s.d Rp. 200.000,00', '4180307493_909392971.jpg'),
(137, 'Retry Asykurani Abdillah', 'K08', 'Kurang dari sama dengan Rp. 250.000,00', '4180307493_427274009.jpg'),
(137, 'Retry Asykurani Abdillah', 'K09', 'Milik sendiri / Milik Orangtua / milik Wali', '4180307493_1285108781.jpg'),
(137, 'Retry Asykurani Abdillah', 'K10', 'Rp. 50.001,00 s.d Rp. 100.000,00', '9dbcc43a-6a8b-4d2d-876e-76ec1ae3ee63.jpg'),
(138, 'Sri Harsita', 'K01', 'Rp. 2.000.001,00 s.d Rp. 3.999.999,00', '4180282263_214054704.jpg'),
(138, 'Sri Harsita', 'K02', '0 - Rp. 500.000,00', '4180282263_415142709.jpg'),
(138, 'Sri Harsita', 'K03', 'Pengusaha Kecil', '4180282263_1352928288.jpg'),
(138, 'Sri Harsita', 'K04', 'Ibu Rumah Tangga', '4180282263_541521880.jpg'),
(138, 'Sri Harsita', 'K05', '<=3 Orang', '4180282263_1306125808.JPG'),
(138, 'Sri Harsita', 'K06', '2200 / >= Rp. 500.000,00', '4180282263_1067585146.JPG'),
(138, 'Sri Harsita', 'K07', 'Rp. 100.001,00 s.d Rp. 200.000,00', '4180282263_976614565.jpg'),
(138, 'Sri Harsita', 'K08', 'Kurang dari sama dengan Rp. 250.000,00', '4180282263_1148574672.jpg'),
(138, 'Sri Harsita', 'K09', 'Milik sendiri / Milik Orangtua / milik Wali', '4180282263_607613958.jpg'),
(138, 'Sri Harsita', 'K10', 'Rp. 1,00 s.d Rp. 50.000,00 ', '8f668405-9f1f-4ea2-b06a-8f42e9b7373d.jpg'),
(139, 'Bahrian Kuncoro Aji', 'K01', 'Rp. 2.000.001,00 s.d Rp. 3.999.999,00', '4180176543_882590911.jpg'),
(139, 'Bahrian Kuncoro Aji', 'K02', 'Rp. 2.000.001 s.d Rp. 3.999.999,00', '4180176543_476051035.jpg'),
(139, 'Bahrian Kuncoro Aji', 'K03', 'Pensiunan PNS Gol III', '4180176543_268711619.jpg'),
(139, 'Bahrian Kuncoro Aji', 'K04', 'Ibu Rumah Tangga', '4180176543_456810770.jpg'),
(139, 'Bahrian Kuncoro Aji', 'K05', '<=3 Orang', '4180176543_894741415.jpg'),
(139, 'Bahrian Kuncoro Aji', 'K06', '1300 / Rp. 300.001,00 s.d Rp. 500.000,00', '4180176543_429042193.jpg'),
(139, 'Bahrian Kuncoro Aji', 'K07', 'Rp. 200.001,00 s.d Rp. 400.000,00', '4180176543_313752915.jpg'),
(139, 'Bahrian Kuncoro Aji', 'K08', 'Kurang dari sama dengan Rp. 250.000,00', '4180176543_960652417.jpg'),
(139, 'Bahrian Kuncoro Aji', 'K09', 'Milik sendiri / Milik Orangtua / milik Wali', '4180176543_1166633503.jpg'),
(139, 'Bahrian Kuncoro Aji', 'K10', 'Rp. 1,00 s.d Rp. 50.000,00 ', 'b7c86709-1c44-42d1-b46e-2eea20201cfb.jpg'),
(140, 'Maura Aulia Finirsa', 'K01', '>= Rp. 4.000.000,00', '4180234673_886500891.jpg'),
(140, 'Maura Aulia Finirsa', 'K02', '0 - Rp. 500.000,00', '4180234673_433017726.jpg'),
(140, 'Maura Aulia Finirsa', 'K03', 'PNS Gol IV', '4180234673_1061889728.JPG'),
(140, 'Maura Aulia Finirsa', 'K04', 'Ibu Rumah Tangga', '4180234673_548553642.jpg'),
(140, 'Maura Aulia Finirsa', 'K05', '<=3 Orang', '4180234673_1157719057.jpg'),
(140, 'Maura Aulia Finirsa', 'K06', '1300 / Rp. 300.001,00 s.d Rp. 500.000,00', '4180234673_858334149.jpg'),
(140, 'Maura Aulia Finirsa', 'K07', 'Rp. 200.001,00 s.d Rp. 400.000,00', '4180234673_969681842.jpg'),
(140, 'Maura Aulia Finirsa', 'K08', 'Kurang dari sama dengan Rp. 250.000,00', '4180234673_741177366.jpg'),
(140, 'Maura Aulia Finirsa', 'K09', 'Milik sendiri / Milik Orangtua / milik Wali', '4180234673_186912378.jpg'),
(140, 'Maura Aulia Finirsa', 'K10', 'Rp. 50.001,00 s.d Rp. 100.000,00', 'de0b5eaa-be10-4f4e-bb03-fe99da5a0374.jpg'),
(141, 'Erine Aqrelia', 'K01', 'Rp. 1.000.001,00 s.d Rp. 2.000.000,00', '4180385648_163935853.jpg'),
(141, 'Erine Aqrelia', 'K02', 'Rp. 1.000.001,00 s.d Rp. 2.000.000,00', '4180385648_1187609681.jpg'),
(141, 'Erine Aqrelia', 'K03', 'Karyawan Swasta', '4180385648_1307748972.jpg'),
(141, 'Erine Aqrelia', 'K04', 'Karyawan Swasta', '4180385648_431866553.jpg'),
(141, 'Erine Aqrelia', 'K05', '<=3 Orang', '4180385648_1074751765.jpg'),
(141, 'Erine Aqrelia', 'K06', '450 / Rp. 50.001,00 Rp. 150.000,00', '4180385648_347698120.jpg'),
(141, 'Erine Aqrelia', 'K07', 'Rp. 200.001,00 s.d Rp. 400.000,00', '4180385648_589947569.jpg'),
(141, 'Erine Aqrelia', 'K08', 'Kurang dari sama dengan Rp. 250.000,00', '4180385648_177001478.jpg'),
(141, 'Erine Aqrelia', 'K09', 'Milik sendiri / Milik Orangtua / milik Wali', '4180385648_35703223.jpg'),
(141, 'Erine Aqrelia', 'K10', 'Rp. 1,00 s.d Rp. 50.000,00 ', '1f91c833-a1f3-4770-936f-832c360c888c.jpg'),
(142, 'Yola Oktavia', 'K01', 'Rp. 500.001 s.d Rp. 1.000.000,00', '4180132352_776367284.jpg'),
(142, 'Yola Oktavia', 'K02', '0 - Rp. 500.000,00', '4180132352_1276441893.jpg'),
(142, 'Yola Oktavia', 'K03', 'Karyawan Swasta', '4180132352_160227152.jpg'),
(142, 'Yola Oktavia', 'K04', 'Tidak Bekerja', '4180132352_991212299.jpg'),
(142, 'Yola Oktavia', 'K05', '<=3 Orang', '4180132352_719385657.jpg'),
(142, 'Yola Oktavia', 'K06', 'Tidak Ada Listrik / <= Rp. 50.000,00', '4180132352_915777042.jpg'),
(142, 'Yola Oktavia', 'K07', '<= Rp. 100.000', '4180132352_260498981.jpg'),
(142, 'Yola Oktavia', 'K08', 'Kurang dari sama dengan Rp. 250.000,00', '4180132352_335233396.jpg'),
(142, 'Yola Oktavia', 'K09', 'Milik sendiri / Milik Orangtua / milik Wali', '4180132352_631993775.jpg'),
(142, 'Yola Oktavia', 'K10', 'Rp. 1,00 s.d Rp. 50.000,00 ', '32eeedc8-430c-4364-8b0c-02b193a43ca1.jpg'),
(143, 'Yuli Ayu Nursinta', 'K01', 'Rp. 2.000.001,00 s.d Rp. 3.999.999,00', '4180367605_158255870.jpg'),
(143, 'Yuli Ayu Nursinta', 'K02', '0 - Rp. 500.000,00', '4180367605_1104073003.jpg'),
(143, 'Yuli Ayu Nursinta', 'K03', 'Karyawan Swasta', '4180367605_1262388404.jpg'),
(143, 'Yuli Ayu Nursinta', 'K04', 'Tidak Bekerja', '4180367605_1386234163.jpg'),
(143, 'Yuli Ayu Nursinta', 'K05', '4 - 5 Orang', '4180367605_1029588112.jpg'),
(143, 'Yuli Ayu Nursinta', 'K06', '1300 / Rp. 300.001,00 s.d Rp. 500.000,00', '4180367605_283679955.jpg'),
(143, 'Yuli Ayu Nursinta', 'K07', 'Rp. 100.001,00 s.d Rp. 200.000,00', '4180367605_1134426209.jpg'),
(143, 'Yuli Ayu Nursinta', 'K08', 'Kurang dari sama dengan Rp. 250.000,00', '4180367605_159652225.jpg'),
(143, 'Yuli Ayu Nursinta', 'K09', 'Milik sendiri / Milik Orangtua / milik Wali', '4180367605_1291857875.jpg'),
(143, 'Yuli Ayu Nursinta', 'K10', 'Rp. 1,00 s.d Rp. 50.000,00 ', 'b31d64e8-8e9f-4558-b0da-76b662dd3383.jpg'),
(144, 'Desi Suryaningsih', 'K01', 'Rp. 2.000.001,00 s.d Rp. 3.999.999,00', '4180495490_1372531542.jpg'),
(144, 'Desi Suryaningsih', 'K02', '0 - Rp. 500.000,00', '4180495490_329055196.jpg'),
(144, 'Desi Suryaningsih', 'K03', 'Karyawan Swasta', '4180495490_1217324506.jpg'),
(144, 'Desi Suryaningsih', 'K04', 'Ibu Rumah Tangga', '4180495490_416530885.jpg'),
(144, 'Desi Suryaningsih', 'K05', '<=3 Orang', '4180495490_802654842.jpg'),
(144, 'Desi Suryaningsih', 'K06', '1300 / Rp. 300.001,00 s.d Rp. 500.000,00', '4180495490_905521842.jpg'),
(144, 'Desi Suryaningsih', 'K07', 'Rp. 200.001,00 s.d Rp. 400.000,00', '4180495490_1033281972.jpg'),
(144, 'Desi Suryaningsih', 'K08', 'Kurang dari sama dengan Rp. 250.000,00', '4180495490_837897501.jpg'),
(144, 'Desi Suryaningsih', 'K09', 'Milik sendiri / Milik Orangtua / milik Wali', '4180495490_689838768.jpg'),
(144, 'Desi Suryaningsih', 'K10', 'Rp. 1,00 s.d Rp. 50.000,00 ', 'ad5856ed-3255-447a-89a2-48d0a9beebbb.jpg'),
(145, 'Hilza Syahdini', 'K01', 'Rp. 500.001 s.d Rp. 1.000.000,00', '4180363705_9090846.jpg'),
(145, 'Hilza Syahdini', 'K02', '0 - Rp. 500.000,00', '4180363705_1258800357.jpg'),
(145, 'Hilza Syahdini', 'K03', 'Tukang', '4180363705_1048424566.jpg'),
(145, 'Hilza Syahdini', 'K04', 'Tidak Bekerja', '4180363705_854332287.jpg'),
(145, 'Hilza Syahdini', 'K05', '<=3 Orang', '4180363705_1049434661.jpg'),
(145, 'Hilza Syahdini', 'K06', 'Tidak Ada Listrik / <= Rp. 50.000,00', '4180363705_742374251.jpg'),
(145, 'Hilza Syahdini', 'K07', 'Rp. 200.001,00 s.d Rp. 400.000,00', '4180363705_122178606.jpg'),
(145, 'Hilza Syahdini', 'K08', 'Kurang dari sama dengan Rp. 250.000,00', '4180363705_989006881.jpg'),
(145, 'Hilza Syahdini', 'K09', 'Milik sendiri / Milik Orangtua / milik Wali', '4180363705_1218574362.jpg'),
(145, 'Hilza Syahdini', 'K10', 'Rp. 50.001,00 s.d Rp. 100.000,00', 'f7ca474d-cd0d-412c-b43d-997c3fa52dc8.jpg'),
(146, 'Retno', 'K01', 'Rp. 500.001 s.d Rp. 1.000.000,00', '4180482612_1351436294.jpg'),
(146, 'Retno', 'K02', '0 - Rp. 500.000,00', '4180482612_946998012.jpg'),
(146, 'Retno', 'K03', 'Buruh Tani', '4180482612_784977428.jpg'),
(146, 'Retno', 'K04', 'Buruh Tani', '4180482612_1394129441.jpg'),
(146, 'Retno', 'K05', '<=3 Orang', '4180482612_88227364.jpg'),
(146, 'Retno', 'K06', '450 / Rp. 50.001,00 Rp. 150.000,00', '4180482612_209110416.jpg'),
(146, 'Retno', 'K07', 'Rp. 200.001,00 s.d Rp. 400.000,00', '4180482612_1239133912.jpg'),
(146, 'Retno', 'K08', 'Kurang dari sama dengan Rp. 250.000,00', '4180482612_658266416.jpg'),
(146, 'Retno', 'K09', 'Milik sendiri / Milik Orangtua / milik Wali', '4180482612_1336071742.jpg'),
(146, 'Retno', 'K10', 'Rp. 1,00 s.d Rp. 50.000,00 ', 'fc71baff-5473-4473-abcb-222da80f72d0.jpg'),
(147, 'Pipit Kusmayanti', 'K01', 'Rp. 500.001 s.d Rp. 1.000.000,00', '4180102436_1157586456.jpg'),
(147, 'Pipit Kusmayanti', 'K02', '0 - Rp. 500.000,00', '4180102436_725674776.jpg'),
(147, 'Pipit Kusmayanti', 'K03', 'Pengusaha Kecil', '4180102436_393542447.jpg'),
(147, 'Pipit Kusmayanti', 'K04', 'Tidak Bekerja', '4180102436_1147314049.jpg'),
(147, 'Pipit Kusmayanti', 'K05', '<=3 Orang', '4180102436_227141985.jpg'),
(147, 'Pipit Kusmayanti', 'K06', '900 / Rp. 150.001,00 s.d Rp. 300.000,00', '4180102436_773362184.jpg'),
(147, 'Pipit Kusmayanti', 'K07', 'Rp. 200.001,00 s.d Rp. 400.000,00', '4180102436_802169846.jpg'),
(147, 'Pipit Kusmayanti', 'K08', 'Kurang dari sama dengan Rp. 250.000,00', '4180102436_226456337.jpg'),
(147, 'Pipit Kusmayanti', 'K09', 'Milik sendiri / Milik Orangtua / milik Wali', '4180102436_551960686.jpg'),
(147, 'Pipit Kusmayanti', 'K10', 'Tidak Ada', 'c92bdeb3-90a1-4aea-b8e2-b118ee571cb7.jpg'),
(148, 'Syarif Umar Faezal', 'K01', 'Rp. 2.000.001,00 s.d Rp. 3.999.999,00', '4180538978_408777143.jpg'),
(148, 'Syarif Umar Faezal', 'K02', '0 - Rp. 500.000,00', '4180538978_914756829.jpg'),
(148, 'Syarif Umar Faezal', 'K03', 'PNS Gol III', '4180538978_967746182.jpg'),
(148, 'Syarif Umar Faezal', 'K04', 'Tidak Bekerja', '4180538978_207939104.jpg'),
(148, 'Syarif Umar Faezal', 'K05', '4 - 5 Orang', '4180538978_522341287.jpg'),
(148, 'Syarif Umar Faezal', 'K06', '450 / Rp. 50.001,00 Rp. 150.000,00', '4180538978_1062565617.jpg'),
(148, 'Syarif Umar Faezal', 'K07', 'Rp. 200.001,00 s.d Rp. 400.000,00', '4180538978_221001009.jpg'),
(148, 'Syarif Umar Faezal', 'K08', 'Kurang dari sama dengan Rp. 250.000,00', '4180538978_1160184192.jpg'),
(148, 'Syarif Umar Faezal', 'K09', 'Milik sendiri / Milik Orangtua / milik Wali', '4180538978_725243029.jpg'),
(148, 'Syarif Umar Faezal', 'K10', 'Rp. 1,00 s.d Rp. 50.000,00 ', '36afdbad-8087-4282-999c-5fde062a9aa7.jpg'),
(149, 'Veronika Pitri', 'K01', '>= Rp. 4.000.000,00', '4180085319_1053823267.jpg'),
(149, 'Veronika Pitri', 'K02', '0 - Rp. 500.000,00', '4180085319_573322849.jpg'),
(149, 'Veronika Pitri', 'K03', 'Karyawan Swasta', '4180085319_226121258.jpg'),
(149, 'Veronika Pitri', 'K04', 'Ibu Rumah Tangga', '4180085319_392576534.jpg'),
(149, 'Veronika Pitri', 'K05', '4 - 5 Orang', '4180085319_1025363688.jpg'),
(149, 'Veronika Pitri', 'K06', '900 / Rp. 150.001,00 s.d Rp. 300.000,00', '4180085319_719914431.jpg'),
(149, 'Veronika Pitri', 'K07', '<= Rp. 100.000', '4180085319_394497570.jpg'),
(149, 'Veronika Pitri', 'K08', 'Kurang dari sama dengan Rp. 250.000,00', '4180085319_737522286.jpg'),
(149, 'Veronika Pitri', 'K09', 'Milik sendiri / Milik Orangtua / milik Wali', '4180085319_1237758212.jpg'),
(149, 'Veronika Pitri', 'K10', 'Rp. 100.001,00 s.d Rp. 300.000,00', '6d12593c-d5ed-4032-9199-168699b854b4.jpg'),
(150, 'Ya Muhammad Arsyad', 'K01', '>= Rp. 4.000.000,00', '4180530173_694207893.jpg'),
(150, 'Ya Muhammad Arsyad', 'K02', '0 - Rp. 500.000,00', '4180530173_373616291.jpg'),
(150, 'Ya Muhammad Arsyad', 'K03', 'PNS Gol IV', '4180530173_872473376.jpg'),
(150, 'Ya Muhammad Arsyad', 'K04', 'Ibu Rumah Tangga', '4180530173_814530051.jpg'),
(150, 'Ya Muhammad Arsyad', 'K05', '<=3 Orang', '4180530173_279825663.jpg'),
(150, 'Ya Muhammad Arsyad', 'K06', '2200 / >= Rp. 500.000,00', '4180530173_711364222.jpg'),
(150, 'Ya Muhammad Arsyad', 'K07', 'Rp. 200.001,00 s.d Rp. 400.000,00', '4180530173_238556172.jpg'),
(150, 'Ya Muhammad Arsyad', 'K08', 'Kurang dari sama dengan Rp. 250.000,00', '4180530173_472100031.jpg'),
(150, 'Ya Muhammad Arsyad', 'K09', 'Milik sendiri / Milik Orangtua / milik Wali', '4180530173_907714709.jpg'),
(150, 'Ya Muhammad Arsyad', 'K10', 'Rp. 1,00 s.d Rp. 50.000,00 ', '958e297c-7454-4bb9-a199-35bd50c2e7c9.jpg'),
(151, 'Listiawati', 'K01', 'Rp. 2.000.001,00 s.d Rp. 3.999.999,00', '4180446359_1261470396.jpg'),
(151, 'Listiawati', 'K02', '0 - Rp. 500.000,00', '4180446359_374488174.jpg'),
(151, 'Listiawati', 'K03', 'Petani', '4180446359_633029789.jpg'),
(151, 'Listiawati', 'K04', 'Ibu Rumah Tangga', '4180446359_264892180.jpg'),
(151, 'Listiawati', 'K05', '<=3 Orang', '4180446359_354605575.jpg'),
(151, 'Listiawati', 'K06', '450 / Rp. 50.001,00 Rp. 150.000,00', '4180446359_577670335.jpg'),
(151, 'Listiawati', 'K07', 'Rp. 200.001,00 s.d Rp. 400.000,00', '4180446359_984774567.jpg'),
(151, 'Listiawati', 'K08', 'Kurang dari sama dengan Rp. 250.000,00', '4180446359_785378156.jpg'),
(151, 'Listiawati', 'K09', 'Milik sendiri / Milik Orangtua / milik Wali', '4180446359_224139596.jpg'),
(151, 'Listiawati', 'K10', 'Rp. 1,00 s.d Rp. 50.000,00 ', '6f2d5d02-7c06-4e09-8885-c9e127096fd8.jpg'),
(152, 'Al Asma', 'K01', 'Rp. 2.000.001,00 s.d Rp. 3.999.999,00', '4180511778_489034683.jpg'),
(152, 'Al Asma', 'K02', '>= Rp. 4.000.000,00', '4180511778_53790628.jpg'),
(152, 'Al Asma', 'K03', 'Pengusaha Kecil', '4180511778_553018322.jpg'),
(152, 'Al Asma', 'K04', 'PNS Golongan III', '4180511778_578960286.jpg'),
(152, 'Al Asma', 'K05', '<=3 Orang', '4180511778_254537778.jpg'),
(152, 'Al Asma', 'K06', '900 / Rp. 150.001,00 s.d Rp. 300.000,00', '4180511778_785463883.jpg'),
(152, 'Al Asma', 'K07', 'Rp. 200.001,00 s.d Rp. 400.000,00', '4180511778_843227844.jpg'),
(152, 'Al Asma', 'K08', 'Rp. 1.000.001,00 s.d Rp. 2.000.000,00', '4180511778_136056437.jpg'),
(152, 'Al Asma', 'K09', 'Milik sendiri / Milik Orangtua / milik Wali', '4180511778_587136905.jpg'),
(152, 'Al Asma', 'K10', 'Rp. 100.001,00 s.d Rp. 300.000,00', '64c4fd7a-19ef-4953-b25f-fd652db709e1.jpg'),
(153, 'Firdha Kusuma Wulandari', 'K01', 'Rp. 2.000.001,00 s.d Rp. 3.999.999,00', '4180041902_727656947.jpg'),
(153, 'Firdha Kusuma Wulandari', 'K02', '0 - Rp. 500.000,00', '4180041902_1142556349.jpg'),
(153, 'Firdha Kusuma Wulandari', 'K03', 'Pensiunan PNS Gol IV', '4180041902_1233947782.jpg'),
(153, 'Firdha Kusuma Wulandari', 'K04', 'Ibu Rumah Tangga', '4180041902_346162590.jpg'),
(153, 'Firdha Kusuma Wulandari', 'K05', '<=3 Orang', '4180041902_883007762.jpg'),
(153, 'Firdha Kusuma Wulandari', 'K06', 'Tidak Ada Listrik / <= Rp. 50.000,00', '4180041902_840999861.jpg'),
(153, 'Firdha Kusuma Wulandari', 'K07', 'Rp. 200.001,00 s.d Rp. 400.000,00', '4180041902_1388948378.jpg'),
(153, 'Firdha Kusuma Wulandari', 'K08', 'Kurang dari sama dengan Rp. 250.000,00', '4180041902_1321049947.jpg'),
(153, 'Firdha Kusuma Wulandari', 'K09', 'Milik sendiri / Milik Orangtua / milik Wali', '4180041902_1250854740.jpg'),
(153, 'Firdha Kusuma Wulandari', 'K10', 'Rp. 1,00 s.d Rp. 50.000,00 ', 'c4972ba6-320b-43a8-8e37-adeff7cbf0cd.jpg'),
(154, 'Muhammad Wildan', 'K01', '0 - Rp.500.000,00', '4180412754_717985473.jpg'),
(154, 'Muhammad Wildan', 'K02', '0 - Rp. 500.000,00', '4180412754_475405679.jpg'),
(154, 'Muhammad Wildan', 'K03', 'Petani', '4180412754_722024306.jpg'),
(154, 'Muhammad Wildan', 'K04', 'Petani', '4180412754_622786064.jpg'),
(154, 'Muhammad Wildan', 'K05', '4 - 5 Orang', '4180412754_987410494.jpg'),
(154, 'Muhammad Wildan', 'K06', '450 / Rp. 50.001,00 Rp. 150.000,00', '4180412754_959492299.jpg'),
(154, 'Muhammad Wildan', 'K07', '<= Rp. 100.000', '4180412754_1397858448.jpg'),
(154, 'Muhammad Wildan', 'K08', 'Kurang dari sama dengan Rp. 250.000,00', '4180412754_527967471.jpg'),
(154, 'Muhammad Wildan', 'K09', 'Milik sendiri / Milik Orangtua / milik Wali', '4180412754_656068782.jpg'),
(154, 'Muhammad Wildan', 'K10', 'Rp. 1,00 s.d Rp. 50.000,00 ', 'a195f52e-5cdf-4dd6-8efe-eec478bb1cb3.jpg'),
(155, 'Sri Wahyuni', 'K01', 'Rp. 1.000.001,00 s.d Rp. 2.000.000,00', '4180403927_125903798.jpg'),
(155, 'Sri Wahyuni', 'K02', '0 - Rp. 500.000,00', '4180403927_900703586.jpg'),
(155, 'Sri Wahyuni', 'K03', 'Petani', '4180403927_929963733.jpg'),
(155, 'Sri Wahyuni', 'K04', 'Ibu Rumah Tangga', '4180403927_878781471.jpg'),
(155, 'Sri Wahyuni', 'K05', '6-8 Orang', '4180403927_267350281.jpg'),
(155, 'Sri Wahyuni', 'K06', '450 / Rp. 50.001,00 Rp. 150.000,00', '4180403927_46078538.jpg'),
(155, 'Sri Wahyuni', 'K07', 'Rp. 200.001,00 s.d Rp. 400.000,00', '4180403927_208310616.jpg'),
(155, 'Sri Wahyuni', 'K08', 'Kurang dari sama dengan Rp. 250.000,00', '4180403927_227970770.jpg'),
(155, 'Sri Wahyuni', 'K09', 'Milik sendiri / Milik Orangtua / milik Wali', '4180403927_854335043.jpg'),
(155, 'Sri Wahyuni', 'K10', 'Rp. 1,00 s.d Rp. 50.000,00 ', '42b9f594-e083-4b4f-98f6-0aafd554e75c.jpg'),
(156, 'Muhammad Rizki', 'K01', 'Rp. 500.001 s.d Rp. 1.000.000,00', '4180231474_571269545.jpg'),
(156, 'Muhammad Rizki', 'K02', '0 - Rp. 500.000,00', '4180231474_846337802.jpg'),
(156, 'Muhammad Rizki', 'K03', 'Supir Kendaraan Umum', '4180231474_137810862.jpg'),
(156, 'Muhammad Rizki', 'K04', 'Ibu Rumah Tangga', '4180231474_1265005519.jpg'),
(156, 'Muhammad Rizki', 'K05', '4 - 5 Orang', '4180231474_123190053.jpg'),
(156, 'Muhammad Rizki', 'K06', '450 / Rp. 50.001,00 Rp. 150.000,00', '4180231474_1184557042.jpg'),
(156, 'Muhammad Rizki', 'K07', '>= Rp. 600.000,00', '4180231474_11660183.jpg'),
(156, 'Muhammad Rizki', 'K08', 'Kurang dari sama dengan Rp. 250.000,00', '4180231474_442581684.jpg'),
(156, 'Muhammad Rizki', 'K09', 'Milik sendiri / Milik Orangtua / milik Wali', '4180231474_221054358.jpg'),
(156, 'Muhammad Rizki', 'K10', 'Rp. 1,00 s.d Rp. 50.000,00 ', 'edcbffb8-a7a7-4d71-a8cc-11ea055ecc76.jpg'),
(157, 'Delina Widiyanti', 'K01', '>= Rp. 4.000.000,00', '4180480852_333459693.jpg'),
(157, 'Delina Widiyanti', 'K02', '0 - Rp. 500.000,00', '4180480852_852041832.jpg'),
(157, 'Delina Widiyanti', 'K03', 'Asisten Manajer', '4180480852_602672337.jpg'),
(157, 'Delina Widiyanti', 'K04', 'Ibu Rumah Tangga', '4180480852_121601303.jpg'),
(157, 'Delina Widiyanti', 'K05', '<=3 Orang', '4180480852_923616502.jpg'),
(157, 'Delina Widiyanti', 'K06', 'Tidak Ada Listrik / <= Rp. 50.000,00', '4180480852_13174073.jpg'),
(157, 'Delina Widiyanti', 'K07', 'Rp. 200.001,00 s.d Rp. 400.000,00', '4180480852_990468496.jpg'),
(157, 'Delina Widiyanti', 'K08', 'Kurang dari sama dengan Rp. 250.000,00', '4180480852_1137610762.jpg'),
(157, 'Delina Widiyanti', 'K09', 'Milik sendiri / Milik Orangtua / milik Wali', '4180480852_639690598.jpg'),
(157, 'Delina Widiyanti', 'K10', 'Rp. 1,00 s.d Rp. 50.000,00 ', '63930.jpg'),
(158, 'Dimas Aji Nugroho', 'K01', '0 - Rp.500.000,00', '4180546594_589500034.jpg'),
(158, 'Dimas Aji Nugroho', 'K02', 'Rp. 2.000.001 s.d Rp. 3.999.999,00', '4180546594_335805918.jpg'),
(158, 'Dimas Aji Nugroho', 'K03', 'Petani', '4180546594_169351749.jpg'),
(158, 'Dimas Aji Nugroho', 'K04', 'PNS Gol II', '4180546594_11425404.jpg'),
(158, 'Dimas Aji Nugroho', 'K05', '<=3 Orang', '4180546594_1254603044.jpg'),
(158, 'Dimas Aji Nugroho', 'K06', '450 / Rp. 50.001,00 Rp. 150.000,00', '4180546594_67039010.jpg'),
(158, 'Dimas Aji Nugroho', 'K07', 'Rp. 200.001,00 s.d Rp. 400.000,00', '4180546594_280833860.jpg'),
(158, 'Dimas Aji Nugroho', 'K08', 'Kurang dari sama dengan Rp. 250.000,00', '4180546594_103364488.jpg'),
(158, 'Dimas Aji Nugroho', 'K09', 'Milik sendiri / Milik Orangtua / milik Wali', '4180546594_1058966797.jpg'),
(158, 'Dimas Aji Nugroho', 'K10', 'Rp. 50.001,00 s.d Rp. 100.000,00', 'c7f5f6fa-907e-43e1-9b18-686ab1429600.jpg'),
(159, 'Hanifah', 'K01', 'Rp. 500.001 s.d Rp. 1.000.000,00', '4180065797_962499956.jpg'),
(159, 'Hanifah', 'K02', '0 - Rp. 500.000,00', '4180065797_164512304.jpg'),
(159, 'Hanifah', 'K03', 'Pedagang Kaki Lima', '4180065797_343616880.jpg'),
(159, 'Hanifah', 'K04', 'Ibu Rumah Tangga', '4180065797_195360.jpg'),
(159, 'Hanifah', 'K05', '<=3 Orang', '4180065797_17248225.jpg'),
(159, 'Hanifah', 'K06', '450 / Rp. 50.001,00 Rp. 150.000,00', '4180065797_46123114.jpg'),
(159, 'Hanifah', 'K07', 'Rp. 200.001,00 s.d Rp. 400.000,00', '4180065797_10258073.jpg'),
(159, 'Hanifah', 'K08', 'Kurang dari sama dengan Rp. 250.000,00', '4180065797_1108927001.jpg'),
(159, 'Hanifah', 'K09', 'Milik sendiri / Milik Orangtua / milik Wali', '4180065797_42908676.jpg'),
(159, 'Hanifah', 'K10', 'Rp. 1,00 s.d Rp. 50.000,00 ', '88a081e5-89e1-4916-9bf4-9c74d140d690.jpg'),
(160, 'Melinia Febriyanti', 'K01', '>= Rp. 4.000.000,00', '4180352235_375739183.jpg'),
(160, 'Melinia Febriyanti', 'K02', '0 - Rp. 500.000,00', '4180352235_867611928.jpg'),
(160, 'Melinia Febriyanti', 'K03', 'PNS Gol III', '4180352235_1359157551.jpg'),
(160, 'Melinia Febriyanti', 'K04', 'Ibu Rumah Tangga', '4180352235_882219343.jpg'),
(160, 'Melinia Febriyanti', 'K05', '<=3 Orang', '4180352235_584080900.jpg'),
(160, 'Melinia Febriyanti', 'K06', '1300 / Rp. 300.001,00 s.d Rp. 500.000,00', '4180352235_559476392.jpg'),
(160, 'Melinia Febriyanti', 'K07', 'Rp. 200.001,00 s.d Rp. 400.000,00', '4180352235_259845195.jpg'),
(160, 'Melinia Febriyanti', 'K08', 'Kurang dari sama dengan Rp. 250.000,00', '4180352235_712161612.jpg'),
(160, 'Melinia Febriyanti', 'K09', 'Milik sendiri / Milik Orangtua / milik Wali', '4180352235_905357108.jpg'),
(160, 'Melinia Febriyanti', 'K10', 'Rp. 50.001,00 s.d Rp. 100.000,00', '48faa422-e195-4652-a287-ecbd2a77e921.jpg'),
(161, 'Reza Primurdany', 'K01', '>= Rp. 4.000.000,00', '4180367076_1025704902.jpg'),
(161, 'Reza Primurdany', 'K02', '0 - Rp. 500.000,00', '4180367076_103713263.jpg'),
(161, 'Reza Primurdany', 'K03', 'PNS Gol III', '4180367076_1387055497.jpg'),
(161, 'Reza Primurdany', 'K04', 'Ibu Rumah Tangga', '4180367076_893207083.jpg'),
(161, 'Reza Primurdany', 'K05', '<=3 Orang', '4180367076_611640423.jpg'),
(161, 'Reza Primurdany', 'K06', '450 / Rp. 50.001,00 Rp. 150.000,00', '4180367076_37661169.jpg'),
(161, 'Reza Primurdany', 'K07', 'Rp. 400.001,00 s.d Rp. 600.000,00', '4180367076_325134153.jpg'),
(161, 'Reza Primurdany', 'K08', 'Kurang dari sama dengan Rp. 250.000,00', '4180367076_284502140.jpg'),
(161, 'Reza Primurdany', 'K09', 'Milik sendiri / Milik Orangtua / milik Wali', '4180367076_1316507413.jpg'),
(161, 'Reza Primurdany', 'K10', 'Rp. 1,00 s.d Rp. 50.000,00 ', '5662e2ce-84c1-47f0-bdd5-f2f256835ea6.jpg'),
(162, 'Tasha Safira Putri', 'K01', '0 - Rp.500.000,00', '4180420973_96115614.jpg'),
(162, 'Tasha Safira Putri', 'K02', 'Rp. 2.000.001 s.d Rp. 3.999.999,00', '4180420973_1285832058.jpg'),
(162, 'Tasha Safira Putri', 'K03', 'Tidak Bekerja', '4180420973_443343669.jpg'),
(162, 'Tasha Safira Putri', 'K04', 'PNS Golongan III', '4180420973_836438247.jpg'),
(162, 'Tasha Safira Putri', 'K05', '<=3 Orang', '4180420973_1357893310.jpg'),
(162, 'Tasha Safira Putri', 'K06', '900 / Rp. 150.001,00 s.d Rp. 300.000,00', '4180420973_1066276563.jpg'),
(162, 'Tasha Safira Putri', 'K07', 'Rp. 400.001,00 s.d Rp. 600.000,00', '4180420973_697702287.jpg'),
(162, 'Tasha Safira Putri', 'K08', 'Kurang dari sama dengan Rp. 250.000,00', '4180420973_717304569.jpg'),
(162, 'Tasha Safira Putri', 'K09', 'Milik sendiri / Milik Orangtua / milik Wali', '4180420973_1351367084.jpg'),
(162, 'Tasha Safira Putri', 'K10', 'Rp. 1,00 s.d Rp. 50.000,00 ', '282da0f7-5ebb-4e9f-82f9-832922f9e75d.jpg'),
(163, 'Adrianus Domi', 'K01', 'Rp. 1.000.001,00 s.d Rp. 2.000.000,00', '4180078022_711438202.jpg'),
(163, 'Adrianus Domi', 'K02', '0 - Rp. 500.000,00', '4180078022_625949977.jpg'),
(163, 'Adrianus Domi', 'K03', 'Petani', '4180078022_829722439.jpg'),
(163, 'Adrianus Domi', 'K04', 'Tidak Bekerja', '4180078022_411150593.jpg'),
(163, 'Adrianus Domi', 'K05', '4 - 5 Orang', '4180078022_1119804150.jpg'),
(163, 'Adrianus Domi', 'K06', '2200 / >= Rp. 500.000,00', '4180078022_262311427.jpg'),
(163, 'Adrianus Domi', 'K07', 'Rp. 200.001,00 s.d Rp. 400.000,00', '4180078022_1291454201.jpg'),
(163, 'Adrianus Domi', 'K08', 'Kurang dari sama dengan Rp. 250.000,00', '4180078022_533267436.jpg'),
(163, 'Adrianus Domi', 'K09', 'Milik sendiri / Milik Orangtua / milik Wali', '4180078022_973568386.jpg'),
(163, 'Adrianus Domi', 'K10', 'Rp. 1,00 s.d Rp. 50.000,00 ', 'cf873d1f-ec86-41f1-9c8f-8feb8ddf5469.jpg'),
(164, 'Dendy Mulyajaya', 'K01', 'Rp. 2.000.001,00 s.d Rp. 3.999.999,00', '4180565804_379289732.jpg'),
(164, 'Dendy Mulyajaya', 'K02', '0 - Rp. 500.000,00', '4180565804_39423596.jpg'),
(164, 'Dendy Mulyajaya', 'K03', 'Tukang', '4180565804_880536609.jpg'),
(164, 'Dendy Mulyajaya', 'K04', 'Tidak Bekerja', '4180565804_880536609.jpg'),
(164, 'Dendy Mulyajaya', 'K05', '<=3 Orang', '4180565804_524823874.jpg'),
(164, 'Dendy Mulyajaya', 'K06', '1300 / Rp. 300.001,00 s.d Rp. 500.000,00', '4180565804_823874628.JPG'),
(164, 'Dendy Mulyajaya', 'K07', 'Rp. 200.001,00 s.d Rp. 400.000,00', '4180565804_521590225.jpg'),
(164, 'Dendy Mulyajaya', 'K08', 'Kurang dari sama dengan Rp. 250.000,00', '4180565804_836944068.jpg'),
(164, 'Dendy Mulyajaya', 'K09', 'Milik sendiri / Milik Orangtua / milik Wali', '4180565804_41983634.JPG'),
(164, 'Dendy Mulyajaya', 'K10', 'Rp. 1,00 s.d Rp. 50.000,00 ', 'ccc00258-4eaa-4b10-925f-1e72a80cb41e.jpg'),
(165, 'Hansen Alexander Rustan', 'K01', 'Rp. 2.000.001,00 s.d Rp. 3.999.999,00', '4180405779_1258193028.jpg'),
(165, 'Hansen Alexander Rustan', 'K02', '0 - Rp. 500.000,00', '4180405779_869396490.jpg'),
(165, 'Hansen Alexander Rustan', 'K03', 'Pengusaha Mikro', '4180405779_783707630.jpg'),
(165, 'Hansen Alexander Rustan', 'K04', 'Ibu Rumah Tangga', '4180405779_286063093.jpg'),
(165, 'Hansen Alexander Rustan', 'K05', '<=3 Orang', '4180405779_1008790782.jpg'),
(165, 'Hansen Alexander Rustan', 'K06', '2200 / >= Rp. 500.000,00', '4180405779_98143590.jpg'),
(165, 'Hansen Alexander Rustan', 'K07', 'Rp. 400.001,00 s.d Rp. 600.000,00', '4180405779_845231513.jpg'),
(165, 'Hansen Alexander Rustan', 'K08', 'Kurang dari sama dengan Rp. 250.000,00', '4180405779_1385634619.jpg'),
(165, 'Hansen Alexander Rustan', 'K09', 'Milik sendiri / Milik Orangtua / milik Wali', '4180405779_307383435.jpg'),
(165, 'Hansen Alexander Rustan', 'K10', 'Rp. 1,00 s.d Rp. 50.000,00 ', 'f6474000-bf85-4388-9556-1b418676151f.jpg'),
(166, 'Nurul Baiti', 'K01', 'Rp. 2.000.001,00 s.d Rp. 3.999.999,00', '4180584717_553757436.jpg'),
(166, 'Nurul Baiti', 'K02', 'Rp. 2.000.001 s.d Rp. 3.999.999,00', '4180584717_1211374390.jpg'),
(166, 'Nurul Baiti', 'K03', 'Tukang Parkir', '4180584717_242860349.jpg'),
(166, 'Nurul Baiti', 'K04', 'Ibu Rumah Tangga', '4180584717_1125367915.jpg'),
(166, 'Nurul Baiti', 'K05', '<=3 Orang', '4180584717_1384865940.jpg'),
(166, 'Nurul Baiti', 'K06', '450 / Rp. 50.001,00 Rp. 150.000,00', '4180584717_488989570.jpg'),
(166, 'Nurul Baiti', 'K07', '<= Rp. 100.000', '4180584717_532544456.jpg'),
(166, 'Nurul Baiti', 'K08', 'Kurang dari sama dengan Rp. 250.000,00', '4180584717_791845512.jpg'),
(166, 'Nurul Baiti', 'K09', 'Milik sendiri / Milik Orangtua / milik Wali', '4180584717_1212549666.jpg'),
(166, 'Nurul Baiti', 'K10', 'Tidak Ada', '74cc287e-23fb-4d77-8fe1-3f6ecd2ab2e0.jpg'),
(167, 'Ranny Prastika', 'K01', 'Rp. 2.000.001,00 s.d Rp. 3.999.999,00', '4180072928_345155093.jpg'),
(167, 'Ranny Prastika', 'K02', '0 - Rp. 500.000,00', '4180072928_863951793.jpg'),
(167, 'Ranny Prastika', 'K03', 'Karyawan Swasta', '4180072928_235993771.jpg'),
(167, 'Ranny Prastika', 'K04', 'Ibu Rumah Tangga', '4180072928_57924912.jpg'),
(167, 'Ranny Prastika', 'K05', '<=3 Orang', '4180072928_364248895.jpg'),
(167, 'Ranny Prastika', 'K06', '450 / Rp. 50.001,00 Rp. 150.000,00', '4180072928_183735656.jpg'),
(167, 'Ranny Prastika', 'K07', '>= Rp. 600.000,00', '4180072928_1295769220.jpg'),
(167, 'Ranny Prastika', 'K08', 'Kurang dari sama dengan Rp. 250.000,00', '4180072928_634845503.jpg'),
(167, 'Ranny Prastika', 'K09', 'Milik sendiri / Milik Orangtua / milik Wali', '4180072928_373022897.jpg'),
(167, 'Ranny Prastika', 'K10', 'Rp. 1,00 s.d Rp. 50.000,00 ', '45087eec-3971-40eb-9e4c-dbece1a11b7b.jpg'),
(168, 'Rinta Cahyani', 'K01', '0 - Rp.500.000,00', '4180234257_98774227.jpg'),
(168, 'Rinta Cahyani', 'K02', '0 - Rp. 500.000,00', '4180234257_1320640562.jpg'),
(168, 'Rinta Cahyani', 'K03', 'Petani', '4180234257_535481114.jpg'),
(168, 'Rinta Cahyani', 'K04', 'Ibu Rumah Tangga', '4180234257_261477694.jpg'),
(168, 'Rinta Cahyani', 'K05', '<=3 Orang', '4180234257_129641566.jpg'),
(168, 'Rinta Cahyani', 'K06', '450 / Rp. 50.001,00 Rp. 150.000,00', '4180234257_920802007.jpg'),
(168, 'Rinta Cahyani', 'K07', 'Rp. 100.001,00 s.d Rp. 200.000,00', '4180234257_384324291.jpg'),
(168, 'Rinta Cahyani', 'K08', 'Kurang dari sama dengan Rp. 250.000,00', '4180234257_1272684766.jpg'),
(168, 'Rinta Cahyani', 'K09', 'Milik sendiri / Milik Orangtua / milik Wali', '4180234257_1195827941.jpg'),
(168, 'Rinta Cahyani', 'K10', 'Rp. 1,00 s.d Rp. 50.000,00 ', '6c279071-dbbf-4e42-834b-02d8f3f73221.jpg'),
(169, 'Yasa Khalqiah', 'K01', 'Rp. 2.000.001,00 s.d Rp. 3.999.999,00', '4180064398_218803672.jpg'),
(169, 'Yasa Khalqiah', 'K02', '>= Rp. 4.000.000,00', '4180064398_480342046.jpg'),
(169, 'Yasa Khalqiah', 'K03', 'PNS Gol III', '4180064398_1282237283.jpg'),
(169, 'Yasa Khalqiah', 'K04', 'PNS Gol IV', '4180064398_1282237283.jpg'),
(169, 'Yasa Khalqiah', 'K05', '<=3 Orang', '4180064398_1083459892.jpg'),
(169, 'Yasa Khalqiah', 'K06', '1300 / Rp. 300.001,00 s.d Rp. 500.000,00', '4180064398_502089040.jpg'),
(169, 'Yasa Khalqiah', 'K07', '>= Rp. 600.000,00', '4180064398_27108668.jpg'),
(169, 'Yasa Khalqiah', 'K08', 'Rp. 2.000.001,00 s.d Rp. 3.000.000,00', '4180064398_878314028.jpg'),
(169, 'Yasa Khalqiah', 'K09', 'Milik sendiri / Milik Orangtua / milik Wali', '4180064398_718051876.jpg'),
(169, 'Yasa Khalqiah', 'K10', 'Rp. 1,00 s.d Rp. 50.000,00 ', 'bc82190c-7436-40f5-9be9-ee15b3daf01c.jpg'),
(170, 'Chelse Dwi Apriyana Tamba', 'K01', 'Rp. 2.000.001,00 s.d Rp. 3.999.999,00', '4180029479_191794482.jpg'),
(170, 'Chelse Dwi Apriyana Tamba', 'K02', '0 - Rp. 500.000,00', '4180029479_210662318.jpg'),
(170, 'Chelse Dwi Apriyana Tamba', 'K03', 'Karyawan BUMN/BUMD', '4180029479_310379233.jpg'),
(170, 'Chelse Dwi Apriyana Tamba', 'K04', 'Ibu Rumah Tangga', '4180029479_622965982.jpg'),
(170, 'Chelse Dwi Apriyana Tamba', 'K05', '<=3 Orang', '4180029479_671447429.jpg'),
(170, 'Chelse Dwi Apriyana Tamba', 'K06', '900 / Rp. 150.001,00 s.d Rp. 300.000,00', '4180029479_463841848.jpg'),
(170, 'Chelse Dwi Apriyana Tamba', 'K07', 'Rp. 200.001,00 s.d Rp. 400.000,00', '4180029479_725288209.jpg'),
(170, 'Chelse Dwi Apriyana Tamba', 'K08', 'Kurang dari sama dengan Rp. 250.000,00', '4180029479_45014297.jpg'),
(170, 'Chelse Dwi Apriyana Tamba', 'K09', 'Milik sendiri / Milik Orangtua / milik Wali', '4180029479_1233232645.jpg'),
(170, 'Chelse Dwi Apriyana Tamba', 'K10', 'Rp. 50.001,00 s.d Rp. 100.000,00', 'c156c427-d9a0-416c-9d31-7b0d753feef1.jpg'),
(171, 'Clara Vista Magdalena Sihombin', 'K01', 'Rp. 1.000.001,00 s.d Rp. 2.000.000,00', '4180430537_573918214.jpg'),
(171, 'Clara Vista Magdalena Sihombin', 'K02', '0 - Rp. 500.000,00', '4180430537_597583198.jpg'),
(171, 'Clara Vista Magdalena Sihombin', 'K03', 'Pengusaha Kecil', '4180430537_1070400984.jpg'),
(171, 'Clara Vista Magdalena Sihombin', 'K04', 'Pengusaha Kecil', '4180430537_724222921.jpg'),
(171, 'Clara Vista Magdalena Sihombin', 'K05', '4 - 5 Orang', '4180430537_440150839.jpg'),
(171, 'Clara Vista Magdalena Sihombin', 'K06', '900 / Rp. 150.001,00 s.d Rp. 300.000,00', '4180430537_10221917.jpg'),
(171, 'Clara Vista Magdalena Sihombin', 'K07', '<= Rp. 100.000', '4180430537_541473072.jpg'),
(171, 'Clara Vista Magdalena Sihombin', 'K08', 'Kurang dari sama dengan Rp. 250.000,00', '4180430537_652925102.jpg'),
(171, 'Clara Vista Magdalena Sihombin', 'K09', 'Milik sendiri / Milik Orangtua / milik Wali', '4180430537_785039965.jpg'),
(171, 'Clara Vista Magdalena Sihombin', 'K10', 'Rp. 100.001,00 s.d Rp. 300.000,00', 'c217d040-0896-4083-b2e7-c3819b29f4d6.jpg'),
(172, 'Evi Nopita Sari', 'K01', 'Rp. 2.000.001,00 s.d Rp. 3.999.999,00', '4180353288_835152728.jpg'),
(172, 'Evi Nopita Sari', 'K02', '0 - Rp. 500.000,00', '4180353288_16792575.jpg'),
(172, 'Evi Nopita Sari', 'K03', 'Buruh/pelayan', '4180353288_1207992997.jpg'),
(172, 'Evi Nopita Sari', 'K04', 'Ibu Rumah Tangga', '4180353288_720867770.jpg'),
(172, 'Evi Nopita Sari', 'K05', '4 - 5 Orang', '4180353288_1341823953.jpg'),
(172, 'Evi Nopita Sari', 'K06', '450 / Rp. 50.001,00 Rp. 150.000,00', '4180353288_1247885469.jpg'),
(172, 'Evi Nopita Sari', 'K07', 'Rp. 200.001,00 s.d Rp. 400.000,00', '4180353288_325077018.jpg'),
(172, 'Evi Nopita Sari', 'K08', 'Kurang dari sama dengan Rp. 250.000,00', '4180353288_855241468.jpg'),
(172, 'Evi Nopita Sari', 'K09', 'Milik sendiri / Milik Orangtua / milik Wali', '4180353288_926018895.jpg'),
(172, 'Evi Nopita Sari', 'K10', 'Rp. 50.001,00 s.d Rp. 100.000,00', '3592a728-e2a9-408d-9221-534813eee16d.jpg'),
(173, 'Hastri Sastia Wuri', 'K01', '>= Rp. 4.000.000,00', '4180289183_1111429060.jpg'),
(173, 'Hastri Sastia Wuri', 'K02', '>= Rp. 4.000.000,00', '4180289183_675971968.jpg'),
(173, 'Hastri Sastia Wuri', 'K03', 'Bintara', '4180289183_894648603.jpg'),
(173, 'Hastri Sastia Wuri', 'K04', 'PNS Golongan III', '4180289183_844240059.jpg'),
(173, 'Hastri Sastia Wuri', 'K05', '<=3 Orang', '4180289183_1177887070.jpg'),
(173, 'Hastri Sastia Wuri', 'K06', '900 / Rp. 150.001,00 s.d Rp. 300.000,00', '4180289183_744006933.jpg'),
(173, 'Hastri Sastia Wuri', 'K07', 'Rp. 200.001,00 s.d Rp. 400.000,00', '4180289183_1204440459.jpg'),
(173, 'Hastri Sastia Wuri', 'K08', 'Rp. 1.000.001,00 s.d Rp. 2.000.000,00', '4180289183_1291949478.jpg'),
(173, 'Hastri Sastia Wuri', 'K09', 'Milik sendiri / Milik Orangtua / milik Wali', '4180289183_60925421.jpg'),
(173, 'Hastri Sastia Wuri', 'K10', 'Rp. 1,00 s.d Rp. 50.000,00 ', '69f52a67-d2c6-4a2a-912d-1ac10ea106f1.jpg'),
(174, 'Junita', 'K01', '0 - Rp.500.000,00', '4180086019_471481902.jpg'),
(174, 'Junita', 'K02', 'Rp. 2.000.001 s.d Rp. 3.999.999,00', '4180086019_708833878.jpg'),
(174, 'Junita', 'K03', 'Tidak Bekerja', '4180086019_450519091.jpg'),
(174, 'Junita', 'K04', 'Pengusaha Kecil', '4180086019_1104335987.jpg'),
(174, 'Junita', 'K05', '<=3 Orang', '4180086019_663050532.jpg'),
(174, 'Junita', 'K06', '1300 / Rp. 300.001,00 s.d Rp. 500.000,00', '4180086019_463283268.jpg'),
(174, 'Junita', 'K07', 'Rp. 200.001,00 s.d Rp. 400.000,00', '4180086019_605839763.jpg'),
(174, 'Junita', 'K08', 'Rp. 2.000.001,00 s.d Rp. 3.000.000,00', '4180086019_907750120.jpg'),
(174, 'Junita', 'K09', 'Milik sendiri / Milik Orangtua / milik Wali', '4180086019_1232287972.jpg'),
(174, 'Junita', 'K10', 'Rp. 100.001,00 s.d Rp. 300.000,00', 'fba5d6f1-08a0-428e-a36c-954c8d4c972f.jpg'),
(175, 'Nur Addina Putri', 'K01', 'Rp. 2.000.001,00 s.d Rp. 3.999.999,00', '4180559115_667314736.jpg'),
(175, 'Nur Addina Putri', 'K02', 'Rp. 2.000.001 s.d Rp. 3.999.999,00', '4180559115_1383795398.jpg'),
(175, 'Nur Addina Putri', 'K03', 'Pengusaha Kecil', '4180559115_159164363.jpg'),
(175, 'Nur Addina Putri', 'K04', 'Karyawan Swasta', '4180559115_1327761520.jpg'),
(175, 'Nur Addina Putri', 'K05', '<=3 Orang', '4180559115_376769712.jpg'),
(175, 'Nur Addina Putri', 'K06', '900 / Rp. 150.001,00 s.d Rp. 300.000,00', '4180559115_140840807.jpg'),
(175, 'Nur Addina Putri', 'K07', 'Rp. 200.001,00 s.d Rp. 400.000,00', '4180559115_1025743551.jpg'),
(175, 'Nur Addina Putri', 'K08', 'Rp. 2.000.001,00 s.d Rp. 3.000.000,00', '4180559115_771485257.jpg'),
(175, 'Nur Addina Putri', 'K09', 'Milik sendiri / Milik Orangtua / milik Wali', '4180559115_631431025.jpg'),
(175, 'Nur Addina Putri', 'K10', 'Rp. 50.001,00 s.d Rp. 100.000,00', 'c6ba7b1a-0fa1-4fe0-a617-f92f38a06ba0.jpg'),
(176, 'Rahmanita Febrianti Rusmaningtyas', 'K01', '>= Rp. 4.000.000,00', '4180282109_1272191783.jpg'),
(176, 'Rahmanita Febrianti Rusmaningtyas', 'K02', '>= Rp. 4.000.000,00', '4180282109_471964608.jpg'),
(176, 'Rahmanita Febrianti Rusmaningtyas', 'K03', 'PNS Gol IV', '4180282109_1294747837.jpg'),
(176, 'Rahmanita Febrianti Rusmaningtyas', 'K04', 'PNS Gol IV', '4180282109_948744086.jpg'),
(176, 'Rahmanita Febrianti Rusmaningtyas', 'K05', '<=3 Orang', '4180282109_406650621.jpg'),
(176, 'Rahmanita Febrianti Rusmaningtyas', 'K06', '1300 / Rp. 300.001,00 s.d Rp. 500.000,00', '4180282109_11339199.jpg'),
(176, 'Rahmanita Febrianti Rusmaningtyas', 'K07', 'Rp. 400.001,00 s.d Rp. 600.000,00', '4180282109_544106882.jpg'),
(176, 'Rahmanita Febrianti Rusmaningtyas', 'K08', 'Kurang dari sama dengan Rp. 250.000,00', '4180282109_202756072.jpg'),
(176, 'Rahmanita Febrianti Rusmaningtyas', 'K09', 'Milik sendiri / Milik Orangtua / milik Wali', '4180282109_1322959423.jpg'),
(176, 'Rahmanita Febrianti Rusmaningtyas', 'K10', 'Rp. 1,00 s.d Rp. 50.000,00 ', '8ff00a2b-ec79-47d2-b967-a0b624b63e4e.jpg'),
(177, 'Rido Amarrullah', 'K01', '>= Rp. 4.000.000,00', '4180086279_1173922507.jpg'),
(177, 'Rido Amarrullah', 'K02', 'Rp. 2.000.001 s.d Rp. 3.999.999,00', '4180086279_805494878.jpg'),
(177, 'Rido Amarrullah', 'K03', 'PNS Gol III', '4180086279_120216833.jpg'),
(177, 'Rido Amarrullah', 'K04', 'PNS Gol II', '4180086279_804235298.jpg'),
(177, 'Rido Amarrullah', 'K05', '<=3 Orang', '4180086279_324542470.jpg'),
(177, 'Rido Amarrullah', 'K06', '2200 / >= Rp. 500.000,00', '4180086279_373927967.jpg'),
(177, 'Rido Amarrullah', 'K07', 'Rp. 100.001,00 s.d Rp. 200.000,00', '4180086279_926217081.jpg'),
(177, 'Rido Amarrullah', 'K08', 'Kurang dari sama dengan Rp. 250.000,00', '4180086279_902490758.jpg'),
(177, 'Rido Amarrullah', 'K09', 'Milik sendiri / Milik Orangtua / milik Wali', '4180086279_466411896.jpg'),
(177, 'Rido Amarrullah', 'K10', 'Rp. 1,00 s.d Rp. 50.000,00 ', '3ababc7b-2184-48a6-9de0-eb90a830e8bb.jpg'),
(178, 'Siti Dwi Purwanti', 'K01', '>= Rp. 4.000.000,00', '4180520955_1046782602.jpg'),
(178, 'Siti Dwi Purwanti', 'K02', 'Rp. 2.000.001 s.d Rp. 3.999.999,00', '4180520955_280032174.jpg'),
(178, 'Siti Dwi Purwanti', 'K03', 'PNS Gol III', '4180520955_1257170422.jpg'),
(178, 'Siti Dwi Purwanti', 'K04', 'Karyawan Swasta', '4180520955_386885063.jpg'),
(178, 'Siti Dwi Purwanti', 'K05', '<=3 Orang', '4180520955_1359011107.jpg'),
(178, 'Siti Dwi Purwanti', 'K06', '1300 / Rp. 300.001,00 s.d Rp. 500.000,00', '4180520955_776939838.jpg'),
(178, 'Siti Dwi Purwanti', 'K07', 'Rp. 200.001,00 s.d Rp. 400.000,00', '4180520955_830051007.jpg'),
(178, 'Siti Dwi Purwanti', 'K08', 'Rp. 1.000.001,00 s.d Rp. 2.000.000,00', '4180520955_497798316.jpg'),
(178, 'Siti Dwi Purwanti', 'K09', 'Milik sendiri / Milik Orangtua / milik Wali', '4180520955_599424000.jpg'),
(178, 'Siti Dwi Purwanti', 'K10', 'Rp. 1,00 s.d Rp. 50.000,00 ', '88e7223c-1021-4b7e-8ea7-b71931e2e11f.jpg'),
(179, 'Tan Ade Indra Satria', 'K01', 'Rp. 2.000.001,00 s.d Rp. 3.999.999,00', '4180105300_714667968.jpg'),
(179, 'Tan Ade Indra Satria', 'K02', 'Rp. 2.000.001 s.d Rp. 3.999.999,00', '4180105300_152959402.jpg'),
(179, 'Tan Ade Indra Satria', 'K03', 'Pensiunan PNS Gol IV', '4180105300_1114499148.jpg'),
(179, 'Tan Ade Indra Satria', 'K04', 'PNS Gol IV', '4180105300_1178047072.jpg'),
(179, 'Tan Ade Indra Satria', 'K05', '<=3 Orang', '4180105300_1187039550.jpg'),
(179, 'Tan Ade Indra Satria', 'K06', '1300 / Rp. 300.001,00 s.d Rp. 500.000,00', '4180105300_1389538312.jpg'),
(179, 'Tan Ade Indra Satria', 'K07', 'Rp. 200.001,00 s.d Rp. 400.000,00', '4180105300_404600593.jpg'),
(179, 'Tan Ade Indra Satria', 'K08', 'Rp. 1.000.001,00 s.d Rp. 2.000.000,00', '4180105300_1361223386.jpg'),
(179, 'Tan Ade Indra Satria', 'K09', 'Milik sendiri / Milik Orangtua / milik Wali', '4180105300_124590790.jpg'),
(179, 'Tan Ade Indra Satria', 'K10', 'Rp. 1,00 s.d Rp. 50.000,00 ', '6985f32e-03ec-437b-8c68-e2743610c431.jpg'),
(180, 'Winny Chindrianti', 'K01', 'Rp. 500.001 s.d Rp. 1.000.000,00', '4180103155_233248948.jpg'),
(180, 'Winny Chindrianti', 'K02', '0 - Rp. 500.000,00', '4180103155_616776346.jpg'),
(180, 'Winny Chindrianti', 'K03', 'Pedagang Kaki Lima', '4180103155_328285864.jpg'),
(180, 'Winny Chindrianti', 'K04', 'Ibu Rumah Tangga', '4180103155_1116218745.jpg'),
(180, 'Winny Chindrianti', 'K05', '<=3 Orang', '4180103155_176508231.jpg'),
(180, 'Winny Chindrianti', 'K06', '450 / Rp. 50.001,00 Rp. 150.000,00', '4180103155_1386562561.jpg'),
(180, 'Winny Chindrianti', 'K07', 'Rp. 200.001,00 s.d Rp. 400.000,00', '4180103155_34784640.jpg'),
(180, 'Winny Chindrianti', 'K08', 'Kurang dari sama dengan Rp. 250.000,00', '4180103155_596737053.jpg'),
(180, 'Winny Chindrianti', 'K09', 'Milik sendiri / Milik Orangtua / milik Wali', '4180103155_724001108.jpg'),
(180, 'Winny Chindrianti', 'K10', 'Rp. 1,00 s.d Rp. 50.000,00 ', '7b351059-b793-4861-be2c-68712b2fca93.jpg'),
(182, 'Putri Safrilia', 'K01', '>= Rp. 4.000.000,00', '4180283895_359879163.jpg'),
(182, 'Putri Safrilia', 'K02', '0 - Rp. 500.000,00', '4180283895_112692740.jpg'),
(182, 'Putri Safrilia', 'K03', 'Pensiunan PNS Gol IV', '4180283895_713804954.jpg');
INSERT INTO `lampiran_mahasiswa` (`id_mahasiswa`, `nama_mahasiswa`, `kode_kriteria`, `interval_parameter`, `nama_file`) VALUES
(182, 'Putri Safrilia', 'K04', 'Ibu Rumah Tangga', '4180283895_270143938.jpg'),
(182, 'Putri Safrilia', 'K05', '<=3 Orang', '4180283895_229354322.jpg'),
(182, 'Putri Safrilia', 'K06', '2200 / >= Rp. 500.000,00', '4180283895_961680666.jpg'),
(182, 'Putri Safrilia', 'K07', 'Rp. 200.001,00 s.d Rp. 400.000,00', '4180283895_888786079.jpg'),
(182, 'Putri Safrilia', 'K08', 'Rp. 1.000.001,00 s.d Rp. 2.000.000,00', '4180283895_792577698.jpg'),
(182, 'Putri Safrilia', 'K09', 'Milik sendiri / Milik Orangtua / milik Wali', '4180283895_1130816875.jpg'),
(182, 'Putri Safrilia', 'K10', 'Rp. 1,00 s.d Rp. 50.000,00 ', 'IMG-20180512-WA0013.jpg'),
(183, 'Okhari Kafriandeni', 'K01', '0 - Rp.500.000,00', '4180304545_349350462.jpg'),
(183, 'Okhari Kafriandeni', 'K02', 'Rp. 500.001,00 s.d Rp. 1.000.000', '4180304545_117888426.jpg'),
(183, 'Okhari Kafriandeni', 'K03', 'Tidak Bekerja', '4180304545_94974138.jpg'),
(183, 'Okhari Kafriandeni', 'K04', 'Pengusaha Kecil', '4180304545_94974138.jpg'),
(183, 'Okhari Kafriandeni', 'K05', '4 - 5 Orang', '4180304545_797244322.jpg'),
(183, 'Okhari Kafriandeni', 'K06', 'Tidak Ada Listrik / <= Rp. 50.000,00', '4180304545_276279706.jpg'),
(183, 'Okhari Kafriandeni', 'K07', '<= Rp. 100.000', '4180304545_240846808.jpg'),
(183, 'Okhari Kafriandeni', 'K08', 'Kurang dari sama dengan Rp. 250.000,00', '4180304545_899006461.jpg'),
(183, 'Okhari Kafriandeni', 'K09', 'Milik sendiri / Milik Orangtua / milik Wali', '4180304545_731394446.jpg'),
(183, 'Okhari Kafriandeni', 'K10', 'Tidak Ada', 'IMG-20180514-WA0002.jpg'),
(184, 'Yuni Ardianti', 'K01', 'Rp. 500.001 s.d Rp. 1.000.000,00', '4180315005_928127426.jpg'),
(184, 'Yuni Ardianti', 'K02', '0 - Rp. 500.000,00', '4180315005_455669168.jpg'),
(184, 'Yuni Ardianti', 'K03', 'Petani', '4180315005_582207485.jpg'),
(184, 'Yuni Ardianti', 'K04', 'Petani', '4180315005_582207485.jpg'),
(184, 'Yuni Ardianti', 'K05', '4 - 5 Orang', '4180315005_581004647.jpg'),
(184, 'Yuni Ardianti', 'K06', 'Tidak Ada Listrik / <= Rp. 50.000,00', '4180315005_1229631832.jpg'),
(184, 'Yuni Ardianti', 'K07', 'Rp. 200.001,00 s.d Rp. 400.000,00', '4180315005_443967923.jpg'),
(184, 'Yuni Ardianti', 'K08', 'Kurang dari sama dengan Rp. 250.000,00', '4180315005_168253653.jpg'),
(184, 'Yuni Ardianti', 'K09', 'Milik sendiri / Milik Orangtua / milik Wali', '4180315005_1326629897.jpg'),
(184, 'Yuni Ardianti', 'K10', 'Rp. 1,00 s.d Rp. 50.000,00 ', 'IMG-20180514-WA0004.jpg'),
(185, 'Rahmi Fadhillah', 'K01', 'Rp. 1.000.001,00 s.d Rp. 2.000.000,00', '4180401072_345742006.jpg'),
(185, 'Rahmi Fadhillah', 'K02', '0 - Rp. 500.000,00', '4180401072_526588928.jpg'),
(185, 'Rahmi Fadhillah', 'K03', 'Buruh/pelayan', '4180401072_240443605.jpg'),
(185, 'Rahmi Fadhillah', 'K04', 'Ibu Rumah Tangga', '4180401072_9512120.jpg'),
(185, 'Rahmi Fadhillah', 'K05', '6-8 Orang', '4180401072_898576495.jpg'),
(185, 'Rahmi Fadhillah', 'K06', '450 / Rp. 50.001,00 Rp. 150.000,00', '4180401072_290976626.jpg'),
(185, 'Rahmi Fadhillah', 'K07', 'Rp. 200.001,00 s.d Rp. 400.000,00', '4180401072_950005687.jpg'),
(185, 'Rahmi Fadhillah', 'K08', 'Kurang dari sama dengan Rp. 250.000,00', '4180401072_357016969.jpg'),
(185, 'Rahmi Fadhillah', 'K09', 'Milik sendiri / Milik Orangtua / milik Wali', '4180401072_1017331759.jpg'),
(185, 'Rahmi Fadhillah', 'K10', 'Tidak Ada', 'IMG-20180514-WA0003.jpg'),
(186, 'Teofilius Sintan', 'K01', '0 - Rp.500.000,00', '4180417207_621994109.jpg'),
(186, 'Teofilius Sintan', 'K02', '0 - Rp. 500.000,00', '4180417207_573029673.jpg'),
(186, 'Teofilius Sintan', 'K03', 'Tidak Bekerja', '4180417207_1126710721.jpg'),
(186, 'Teofilius Sintan', 'K04', 'Petani', '4180417207_313095860.jpg'),
(186, 'Teofilius Sintan', 'K05', '<=3 Orang', '4180417207_930152913.jpg'),
(186, 'Teofilius Sintan', 'K06', '900 / Rp. 150.001,00 s.d Rp. 300.000,00', '4180417207_423496368.jpg'),
(186, 'Teofilius Sintan', 'K07', 'Rp. 200.001,00 s.d Rp. 400.000,00', '4180417207_311769128.jpg'),
(186, 'Teofilius Sintan', 'K08', 'Kurang dari sama dengan Rp. 250.000,00', '4180417207_1384938562.jpg'),
(186, 'Teofilius Sintan', 'K09', 'Milik sendiri / Milik Orangtua / milik Wali', '4180417207_240646803.jpg'),
(186, 'Teofilius Sintan', 'K10', 'Rp. 1,00 s.d Rp. 50.000,00 ', 'IMG-20180515-WA0004.jpg'),
(187, 'Septiana', 'K01', 'Rp. 1.000.001,00 s.d Rp. 2.000.000,00', '4180170240_849636901.jpg'),
(187, 'Septiana', 'K02', '0 - Rp. 500.000,00', '4180170240_515864123.jpg'),
(187, 'Septiana', 'K03', 'Buruh/pelayan', '4180170240_1014287990.jpg'),
(187, 'Septiana', 'K04', 'Tidak Bekerja', '4180170240_1014287990.jpg'),
(187, 'Septiana', 'K05', '<=3 Orang', '4180170240_1338026529.jpg'),
(187, 'Septiana', 'K06', '1300 / Rp. 300.001,00 s.d Rp. 500.000,00', '4180170240_615280944.jpg'),
(187, 'Septiana', 'K07', 'Rp. 200.001,00 s.d Rp. 400.000,00', '4180170240_1072872952.jpg'),
(187, 'Septiana', 'K08', 'Kurang dari sama dengan Rp. 250.000,00', '4180170240_954131886.jpg'),
(187, 'Septiana', 'K09', 'Milik sendiri / Milik Orangtua / milik Wali', '4180170240_854399578.jpg'),
(187, 'Septiana', 'K10', 'Tidak Ada', 'IMG-20180515-WA0003.jpg'),
(188, 'Khaerunnisa Nur Eka Dyah Oktaviani', 'K01', 'Rp. 2.000.001,00 s.d Rp. 3.999.999,00', '4180459115_1063754312.JPG'),
(188, 'Khaerunnisa Nur Eka Dyah Oktaviani', 'K02', '0 - Rp. 500.000,00', '4180459115_1176002393.JPG'),
(188, 'Khaerunnisa Nur Eka Dyah Oktaviani', 'K03', 'Cleaning Sevice', '4180459115_969826928.JPG'),
(188, 'Khaerunnisa Nur Eka Dyah Oktaviani', 'K04', 'Ibu Rumah Tangga', '4180459115_1077628143.JPG'),
(188, 'Khaerunnisa Nur Eka Dyah Oktaviani', 'K05', '<=3 Orang', '4180459115_1370106617.jpg'),
(188, 'Khaerunnisa Nur Eka Dyah Oktaviani', 'K06', '450 / Rp. 50.001,00 Rp. 150.000,00', '4180459115_1151261895.JPG'),
(188, 'Khaerunnisa Nur Eka Dyah Oktaviani', 'K07', '<= Rp. 100.000', '4180459115_1112673787.JPG'),
(188, 'Khaerunnisa Nur Eka Dyah Oktaviani', 'K08', 'Kurang dari sama dengan Rp. 250.000,00', '4180459115_161500875.JPG'),
(188, 'Khaerunnisa Nur Eka Dyah Oktaviani', 'K09', 'Milik sendiri / Milik Orangtua / milik Wali', '4180459115_650143678.jpg'),
(188, 'Khaerunnisa Nur Eka Dyah Oktaviani', 'K10', 'Tidak Ada', 'IMG-20180514-WA0008.jpg'),
(189, 'Endang', 'K01', 'Rp. 2.000.001,00 s.d Rp. 3.999.999,00', '4180487534_1018613128.jpg'),
(189, 'Endang', 'K02', '0 - Rp. 500.000,00', '4180487534_1034633855.jpg'),
(189, 'Endang', 'K03', 'Buruh/pelayan', '4180487534_229473166.jpg'),
(189, 'Endang', 'K04', 'Ibu Rumah Tangga', '4180487534_967368480.jpg'),
(189, 'Endang', 'K05', '<=3 Orang', '4180487534_324439621.jpg'),
(189, 'Endang', 'K06', '450 / Rp. 50.001,00 Rp. 150.000,00', '4180487534_727324697.jpg'),
(189, 'Endang', 'K07', 'Rp. 200.001,00 s.d Rp. 400.000,00', '4180487534_951491784.jpg'),
(189, 'Endang', 'K08', 'Kurang dari sama dengan Rp. 250.000,00', '4180487534_512212799.jpg'),
(189, 'Endang', 'K09', 'Milik sendiri / Milik Orangtua / milik Wali', '4180487534_1378481454.jpg'),
(189, 'Endang', 'K10', 'Tidak Ada', 'IMG-20180514-WA0007.jpg'),
(190, 'Yanda Annisa Putri', 'K01', 'Rp. 2.000.001,00 s.d Rp. 3.999.999,00', '4180555705_689834292.jpg'),
(190, 'Yanda Annisa Putri', 'K02', '0 - Rp. 500.000,00', '4180555705_1319403416.jpg'),
(190, 'Yanda Annisa Putri', 'K03', 'Karyawan Swasta', '4180555705_1280953425.jpg'),
(190, 'Yanda Annisa Putri', 'K04', 'Ibu Rumah Tangga', '4180555705_1065859621.jpg'),
(190, 'Yanda Annisa Putri', 'K05', '<=3 Orang', '4180555705_944130596.jpg'),
(190, 'Yanda Annisa Putri', 'K06', '450 / Rp. 50.001,00 Rp. 150.000,00', '4180555705_1122074397.jpg'),
(190, 'Yanda Annisa Putri', 'K07', 'Rp. 100.001,00 s.d Rp. 200.000,00', '4180555705_1318690166.jpg'),
(190, 'Yanda Annisa Putri', 'K08', 'Kurang dari sama dengan Rp. 250.000,00', '4180555705_675309892.jpg'),
(190, 'Yanda Annisa Putri', 'K09', 'Milik sendiri / Milik Orangtua / milik Wali', '4180555705_1000328037.jpg'),
(190, 'Yanda Annisa Putri', 'K10', 'Rp. 1,00 s.d Rp. 50.000,00 ', 'IMG-20180514-WA0006.jpg'),
(191, 'Vridolin Vicry', 'K01', 'Rp. 500.001 s.d Rp. 1.000.000,00', '4180158111_802335069.jpg'),
(191, 'Vridolin Vicry', 'K02', '0 - Rp. 500.000,00', '4180158111_1370109993.jpg'),
(191, 'Vridolin Vicry', 'K03', 'Petani', '4180158111_792011728.jpg'),
(191, 'Vridolin Vicry', 'K04', 'Ibu Rumah Tangga', '4180158111_792011728.jpg'),
(191, 'Vridolin Vicry', 'K05', '6-8 Orang', '4180158111_506712336.jpg'),
(191, 'Vridolin Vicry', 'K06', '1300 / Rp. 300.001,00 s.d Rp. 500.000,00', '4180158111_1029461490.jpg'),
(191, 'Vridolin Vicry', 'K07', '<= Rp. 100.000', '4180158111_45507716.jpg'),
(191, 'Vridolin Vicry', 'K08', 'Kurang dari sama dengan Rp. 250.000,00', '4180158111_80328773.jpg'),
(191, 'Vridolin Vicry', 'K09', 'Milik sendiri / Milik Orangtua / milik Wali', '4180158111_1404675110.jpg'),
(191, 'Vridolin Vicry', 'K10', 'Tidak Ada', 'IMG-20180515-WA0005.jpg'),
(192, 'Aulia Nurul Hasanah', 'K01', 'Rp. 500.001 s.d Rp. 1.000.000,00', '4180497281_1323704634.jpg'),
(192, 'Aulia Nurul Hasanah', 'K02', '0 - Rp. 500.000,00', '4180497281_735736124.jpg'),
(192, 'Aulia Nurul Hasanah', 'K03', 'Petani', '4180497281_756482380.jpg'),
(192, 'Aulia Nurul Hasanah', 'K04', 'Ibu Rumah Tangga', '4180497281_475573019.jpg'),
(192, 'Aulia Nurul Hasanah', 'K05', '<=3 Orang', '4180497281_538735192.jpg'),
(192, 'Aulia Nurul Hasanah', 'K06', '450 / Rp. 50.001,00 Rp. 150.000,00', '4180497281_1139528586.jpg'),
(192, 'Aulia Nurul Hasanah', 'K07', 'Rp. 200.001,00 s.d Rp. 400.000,00', '4180497281_1112322290.jpg'),
(192, 'Aulia Nurul Hasanah', 'K08', 'Kurang dari sama dengan Rp. 250.000,00', '4180497281_241448916.jpg'),
(192, 'Aulia Nurul Hasanah', 'K09', 'Milik sendiri / Milik Orangtua / milik Wali', '4180497281_481270819.jpg'),
(192, 'Aulia Nurul Hasanah', 'K10', 'Rp. 1,00 s.d Rp. 50.000,00 ', 'IMG-20180515-WA0007.jpg'),
(193, 'Salsabila Harmawanda', 'K01', 'Rp. 1.000.001,00 s.d Rp. 2.000.000,00', '4180466031_630060944.jpg'),
(193, 'Salsabila Harmawanda', 'K02', '0 - Rp. 500.000,00', '4180466031_141314267.jpg'),
(193, 'Salsabila Harmawanda', 'K03', 'Pengusaha Kecil', '4180466031_170593955.jpg'),
(193, 'Salsabila Harmawanda', 'K04', 'Ibu Rumah Tangga', '4180466031_911479166.jpg'),
(193, 'Salsabila Harmawanda', 'K05', '4 - 5 Orang', '4180466031_647674632.jpg'),
(193, 'Salsabila Harmawanda', 'K06', '1300 / Rp. 300.001,00 s.d Rp. 500.000,00', '4180466031_801458827.jpg'),
(193, 'Salsabila Harmawanda', 'K07', '<= Rp. 100.000', '4180466031_1079152264.jpg'),
(193, 'Salsabila Harmawanda', 'K08', 'Kurang dari sama dengan Rp. 250.000,00', '4180466031_1046718004.jpg'),
(193, 'Salsabila Harmawanda', 'K09', 'Milik sendiri / Milik Orangtua / milik Wali', '4180466031_56225290.jpg'),
(193, 'Salsabila Harmawanda', 'K10', 'Rp. 1,00 s.d Rp. 50.000,00 ', '952f3999-64f0-4b56-ba56-65ec4954d584.jpg'),
(194, 'Siti Rahayu', 'K01', '0 - Rp.500.000,00', '4180162569_140938319.jpg'),
(194, 'Siti Rahayu', 'K02', '0 - Rp. 500.000,00', '4180162569_598392385.jpg'),
(194, 'Siti Rahayu', 'K03', 'Pensiunan BUMN/BUMD', '4180162569_369675477.jpg'),
(194, 'Siti Rahayu', 'K04', 'Pensiunan BUMN/BUMD', '4180162569_833294931.jpg'),
(194, 'Siti Rahayu', 'K05', '<=3 Orang', '4180162569_36100398.jpg'),
(194, 'Siti Rahayu', 'K06', '900 / Rp. 150.001,00 s.d Rp. 300.000,00', '4180162569_957383630.jpg'),
(194, 'Siti Rahayu', 'K07', '>= Rp. 600.000,00', '4180162569_365776006.jpg'),
(194, 'Siti Rahayu', 'K08', 'Kurang dari sama dengan Rp. 250.000,00', '4180162569_836835666.jpg'),
(194, 'Siti Rahayu', 'K09', 'Milik sendiri / Milik Orangtua / milik Wali', '4180162569_1378993584.jpg'),
(194, 'Siti Rahayu', 'K10', 'Tidak Ada', 'IMG-20180518-WA0003.jpg'),
(195, 'Sindi Aprianti', 'K01', 'Rp. 1.000.001,00 s.d Rp. 2.000.000,00', '4180565880_1268844580.jpg'),
(195, 'Sindi Aprianti', 'K02', '0 - Rp. 500.000,00', '4180565880_1257010893.jpg'),
(195, 'Sindi Aprianti', 'K03', 'PNS Golongan II', '4180565880_542311200.jpg'),
(195, 'Sindi Aprianti', 'K04', 'Ibu Rumah Tangga', '4180565880_542311200.jpg'),
(195, 'Sindi Aprianti', 'K05', '<=3 Orang', '4180565880_870251282.jpg'),
(195, 'Sindi Aprianti', 'K06', '900 / Rp. 150.001,00 s.d Rp. 300.000,00', '4180565880_272557595.jpg'),
(195, 'Sindi Aprianti', 'K07', 'Rp. 100.001,00 s.d Rp. 200.000,00', '4180565880_1219317445.jpg'),
(195, 'Sindi Aprianti', 'K08', 'Kurang dari sama dengan Rp. 250.000,00', '4180565880_738433194.jpg'),
(195, 'Sindi Aprianti', 'K09', 'Milik sendiri / Milik Orangtua / milik Wali', '4180565880_394525044.jpg'),
(195, 'Sindi Aprianti', 'K10', 'Tidak Ada', 'IMG-20180518-WA0002.jpg'),
(196, 'Vera Magdalena', 'K01', 'Rp. 1.000.001,00 s.d Rp. 2.000.000,00', '4180128474_1024410241.JPG'),
(196, 'Vera Magdalena', 'K02', '0 - Rp. 500.000,00', '4180128474_1256837183.JPG'),
(196, 'Vera Magdalena', 'K03', 'Petani', '4180128474_489407055.JPG'),
(196, 'Vera Magdalena', 'K04', 'Ibu Rumah Tangga', '4180128474_1290073266.JPG'),
(196, 'Vera Magdalena', 'K05', '<=3 Orang', '4180128474_1114611060.jpg'),
(196, 'Vera Magdalena', 'K06', '900 / Rp. 150.001,00 s.d Rp. 300.000,00', '4180128474_311792957.jpg'),
(196, 'Vera Magdalena', 'K07', 'Rp. 200.001,00 s.d Rp. 400.000,00', '4180128474_558874258.jpg'),
(196, 'Vera Magdalena', 'K08', 'Kurang dari sama dengan Rp. 250.000,00', '4180128474_423359884.JPG'),
(196, 'Vera Magdalena', 'K09', 'Milik sendiri / Milik Orangtua / milik Wali', '4180128474_441466204.jpg'),
(196, 'Vera Magdalena', 'K10', 'Tidak Ada', 'f9d18767-d56a-4d23-a468-ccd01f2f3199.jpg'),
(197, 'Ummu Safa Salsabila', 'K01', '>= Rp. 4.000.000,00', '4180351693_767129180.jpg'),
(197, 'Ummu Safa Salsabila', 'K02', '0 - Rp. 500.000,00', '4180351693_89649883.jpg'),
(197, 'Ummu Safa Salsabila', 'K03', 'Karyawan Swasta', '4180351693_206141086.jpg'),
(197, 'Ummu Safa Salsabila', 'K04', 'Ibu Rumah Tangga', '4180351693_1222433365.jpg'),
(197, 'Ummu Safa Salsabila', 'K05', '<=3 Orang', '4180351693_1225521893.jpg'),
(197, 'Ummu Safa Salsabila', 'K06', '1300 / Rp. 300.001,00 s.d Rp. 500.000,00', '4180351693_1241479126.jpg'),
(197, 'Ummu Safa Salsabila', 'K07', 'Rp. 100.001,00 s.d Rp. 200.000,00', '4180351693_1310662524.jpg'),
(197, 'Ummu Safa Salsabila', 'K08', 'Rp. 250.001,00 s.d Rp. 1.000.000,00', '4180351693_753912714.jpg'),
(197, 'Ummu Safa Salsabila', 'K09', 'Milik sendiri / Milik Orangtua / milik Wali', '4180351693_933233621.jpg'),
(197, 'Ummu Safa Salsabila', 'K10', 'Rp. 1,00 s.d Rp. 50.000,00 ', '15487990-f70d-4580-856e-57a2f77588b9.jpg'),
(199, 'Teti Amalia Novianti', 'K01', '>= Rp. 4.000.000,00', '4180526206_812992005.jpg'),
(199, 'Teti Amalia Novianti', 'K02', 'Rp. 500.001,00 s.d Rp. 1.000.000', '4180526206_24279511.jpg'),
(199, 'Teti Amalia Novianti', 'K03', 'PNS Gol IV', '4180526206_1359633660.jpg'),
(199, 'Teti Amalia Novianti', 'K04', 'PNS Golongan III', '4180526206_695775222.jpg'),
(199, 'Teti Amalia Novianti', 'K05', '<=3 Orang', '4180526206_867452691.jpg'),
(199, 'Teti Amalia Novianti', 'K06', 'Tidak Ada Listrik / <= Rp. 50.000,00', '4180526206_318732618.jpg'),
(199, 'Teti Amalia Novianti', 'K07', 'Rp. 200.001,00 s.d Rp. 400.000,00', '4180526206_155183623.jpg'),
(199, 'Teti Amalia Novianti', 'K08', 'Rp. 2.000.001,00 s.d Rp. 3.000.000,00', '4180526206_614624870.jpg'),
(199, 'Teti Amalia Novianti', 'K09', 'Milik sendiri / Milik Orangtua / milik Wali', '4180526206_995612782.jpg'),
(199, 'Teti Amalia Novianti', 'K10', 'Rp. 50.001,00 s.d Rp. 100.000,00', 'bd8f63e2-1b0b-42da-a510-8f7f0689ec94.jpg'),
(200, 'Septia Miranti', 'K01', 'Rp. 1.000.001,00 s.d Rp. 2.000.000,00', '4180042377_724213542.jpg'),
(200, 'Septia Miranti', 'K02', '0 - Rp. 500.000,00', '4180042377_115900294.jpg'),
(200, 'Septia Miranti', 'K03', 'Tukang', '4180042377_750159243.jpg'),
(200, 'Septia Miranti', 'K04', 'Ibu Rumah Tangga', '4180042377_793701204.jpg'),
(200, 'Septia Miranti', 'K05', '<=3 Orang', '4180042377_259710372.jpg'),
(200, 'Septia Miranti', 'K06', '1300 / Rp. 300.001,00 s.d Rp. 500.000,00', '4180042377_419806451.jpg'),
(200, 'Septia Miranti', 'K07', 'Rp. 200.001,00 s.d Rp. 400.000,00', '4180042377_579016683.jpg'),
(200, 'Septia Miranti', 'K08', 'Kurang dari sama dengan Rp. 250.000,00', '4180042377_384179416.jpg'),
(200, 'Septia Miranti', 'K09', 'Milik sendiri / Milik Orangtua / milik Wali', '4180042377_612839398.jpg'),
(200, 'Septia Miranti', 'K10', 'Rp. 50.001,00 s.d Rp. 100.000,00', '3118dc2c-38c4-4ceb-8651-25f4d6e8de10.jpg'),
(201, 'Leo Kristanto Tri Nugroho', 'K01', '>= Rp. 4.000.000,00', 'IMG-20180808-WA0007.jpg'),
(201, 'Leo Kristanto Tri Nugroho', 'K02', 'Rp. 1.000.001,00 s.d Rp. 2.000.000,00', 'IMG-20180808-WA0012.jpg'),
(201, 'Leo Kristanto Tri Nugroho', 'K03', 'PNS Gol IV', 'IMG-20180808-WA0007.jpg'),
(201, 'Leo Kristanto Tri Nugroho', 'K04', 'Ibu Rumah Tangga', 'IMG-20180808-WA0012.jpg'),
(201, 'Leo Kristanto Tri Nugroho', 'K05', '<=3 Orang', 'IMG-20180808-WA0008.jpg'),
(201, 'Leo Kristanto Tri Nugroho', 'K06', '450 / Rp. 50.001,00 Rp. 150.000,00', 'IMG-20180808-WA0010.jpg'),
(201, 'Leo Kristanto Tri Nugroho', 'K07', '>= Rp. 600.000,00', 'IMG-20180808-WA0011.jpg'),
(201, 'Leo Kristanto Tri Nugroho', 'K08', 'Kurang dari sama dengan Rp. 250.000,00', 'IMG-20180808-WA0006.jpg'),
(201, 'Leo Kristanto Tri Nugroho', 'K09', 'Milik sendiri / Milik Orangtua / milik Wali', 'IMG-20180808-WA0005.jpg'),
(201, 'Leo Kristanto Tri Nugroho', 'K10', 'Rp. 1,00 s.d Rp. 50.000,00 ', 'IMG-20180808-WA0009.jpg'),
(202, 'Tirta Prayoga', 'K01', '0 - Rp.500.000,00', '4180074609_868767332.jpg'),
(202, 'Tirta Prayoga', 'K02', '0 - Rp. 500.000,00', '4180074609_1272172992.jpg'),
(202, 'Tirta Prayoga', 'K03', 'Petani', '4180074609_315928728.jpg'),
(202, 'Tirta Prayoga', 'K04', 'Ibu Rumah Tangga', '4180074609_114424633.JPG'),
(202, 'Tirta Prayoga', 'K05', '<=3 Orang', '4180074609_727343652.jpg'),
(202, 'Tirta Prayoga', 'K06', '900 / Rp. 150.001,00 s.d Rp. 300.000,00', '4180074609_405354453.jpg'),
(202, 'Tirta Prayoga', 'K07', 'Rp. 200.001,00 s.d Rp. 400.000,00', '4180074609_433896142.jpg'),
(202, 'Tirta Prayoga', 'K08', 'Kurang dari sama dengan Rp. 250.000,00', '4180074609_360496515.JPG'),
(202, 'Tirta Prayoga', 'K09', 'Milik sendiri / Milik Orangtua / milik Wali', '4180074609_715119611.jpg'),
(202, 'Tirta Prayoga', 'K10', 'Rp. 1,00 s.d Rp. 50.000,00 ', 'd0ec698d-c9c8-4365-a0d0-1596d95a71fa.jpg'),
(203, 'Khaisya Febrianti', 'K01', 'Rp. 2.000.001,00 s.d Rp. 3.999.999,00', '4180082691_1266603095.jpg'),
(203, 'Khaisya Febrianti', 'K02', '0 - Rp. 500.000,00', '4180082691_514493733.jpg'),
(203, 'Khaisya Febrianti', 'K03', 'Bintara', '4180082691_1009568441.jpg'),
(203, 'Khaisya Febrianti', 'K04', 'Ibu Rumah Tangga', '4180082691_1066475596.jpg'),
(203, 'Khaisya Febrianti', 'K05', '<=3 Orang', '4180082691_578486361.jpg'),
(203, 'Khaisya Febrianti', 'K06', '450 / Rp. 50.001,00 Rp. 150.000,00', '4180082691_687534770.jpg'),
(203, 'Khaisya Febrianti', 'K07', 'Rp. 200.001,00 s.d Rp. 400.000,00', '4180082691_1095194637.jpg'),
(203, 'Khaisya Febrianti', 'K08', 'Kurang dari sama dengan Rp. 250.000,00', '4180082691_1090677170.jpg'),
(203, 'Khaisya Febrianti', 'K09', 'Milik sendiri / Milik Orangtua / milik Wali', '4180082691_1356585361.jpg'),
(203, 'Khaisya Febrianti', 'K10', 'Tidak Ada', 'c92bdeb3-90a1-4aea-b8e2-b118ee571cb7.jpg'),
(204, 'Titania Nefi Putri', 'K01', 'Rp. 500.001 s.d Rp. 1.000.000,00', '4180123721_245514940.jpg'),
(204, 'Titania Nefi Putri', 'K02', '0 - Rp. 500.000,00', '4180123721_442097676.jpg'),
(204, 'Titania Nefi Putri', 'K03', 'Buruh Tani', '4180123721_991749692.jpg'),
(204, 'Titania Nefi Putri', 'K04', 'Tidak Bekerja', '4180123721_101342911.jpg'),
(204, 'Titania Nefi Putri', 'K05', '<=3 Orang', '4180123721_294534204.jpg'),
(204, 'Titania Nefi Putri', 'K06', '900 / Rp. 150.001,00 s.d Rp. 300.000,00', '4180123721_949914643.jpg'),
(204, 'Titania Nefi Putri', 'K07', '<= Rp. 100.000', '4180123721_1192165371.jpg'),
(204, 'Titania Nefi Putri', 'K08', 'Kurang dari sama dengan Rp. 250.000,00', '4180123721_605913260.jpg'),
(204, 'Titania Nefi Putri', 'K09', 'Milik sendiri / Milik Orangtua / milik Wali', '4180123721_862552899.jpg'),
(204, 'Titania Nefi Putri', 'K10', 'Tidak Ada', 'c92bdeb3-90a1-4aea-b8e2-b118ee571cb7.jpg'),
(205, 'Sri Eka Indriani', 'K01', '>= Rp. 4.000.000,00', '4180131488_361725460.jpg'),
(205, 'Sri Eka Indriani', 'K02', '0 - Rp. 500.000,00', '4180131488_684352477.jpg'),
(205, 'Sri Eka Indriani', 'K03', 'Karyawan Swasta', '4180131488_965598094.jpg'),
(205, 'Sri Eka Indriani', 'K04', 'Ibu Rumah Tangga', '4180131488_965598094.jpg'),
(205, 'Sri Eka Indriani', 'K05', '<=3 Orang', '4180131488_270794418.jpg'),
(205, 'Sri Eka Indriani', 'K06', '900 / Rp. 150.001,00 s.d Rp. 300.000,00', '4180131488_845000030.jpg'),
(205, 'Sri Eka Indriani', 'K07', 'Rp. 400.001,00 s.d Rp. 600.000,00', '4180131488_230633198.jpg'),
(205, 'Sri Eka Indriani', 'K08', 'Kurang dari sama dengan Rp. 250.000,00', '4180131488_404532591.jpg'),
(205, 'Sri Eka Indriani', 'K09', 'Milik sendiri / Milik Orangtua / milik Wali', '4180131488_842328560.jpg'),
(205, 'Sri Eka Indriani', 'K10', 'Rp. 1,00 s.d Rp. 50.000,00 ', '9d3b86ca-3d10-49c4-9165-451b3ce0ef75.jpg'),
(206, 'Ika Tamara Putri', 'K01', '0 - Rp.500.000,00', '4180132302_670637025.jpg'),
(206, 'Ika Tamara Putri', 'K02', '0 - Rp. 500.000,00', '4180132302_1009376938.jpg'),
(206, 'Ika Tamara Putri', 'K03', 'Buruh Tani', '4180132302_557223417.jpg'),
(206, 'Ika Tamara Putri', 'K04', 'Tidak Bekerja', '4180132302_872605039.jpg'),
(206, 'Ika Tamara Putri', 'K05', '4 - 5 Orang', '4180132302_447050854.jpg'),
(206, 'Ika Tamara Putri', 'K06', '450 / Rp. 50.001,00 Rp. 150.000,00', '4180132302_226361391.jpg'),
(206, 'Ika Tamara Putri', 'K07', 'Rp. 200.001,00 s.d Rp. 400.000,00', '4180132302_1375285408.jpg'),
(206, 'Ika Tamara Putri', 'K08', 'Kurang dari sama dengan Rp. 250.000,00', '4180132302_594300981.jpg'),
(206, 'Ika Tamara Putri', 'K09', 'Milik sendiri / Milik Orangtua / milik Wali', '4180132302_625725336.jpg'),
(206, 'Ika Tamara Putri', 'K10', 'Tidak Ada', 'c92bdeb3-90a1-4aea-b8e2-b118ee571cb7.jpg'),
(207, 'Vini Angria', 'K01', 'Rp. 2.000.001,00 s.d Rp. 3.999.999,00', '4180146223_1287818133.jpg'),
(207, 'Vini Angria', 'K02', 'Rp. 2.000.001 s.d Rp. 3.999.999,00', '4180146223_832378287.JPG'),
(207, 'Vini Angria', 'K03', 'Karyawan Swasta', '4180146223_490384246.jpg'),
(207, 'Vini Angria', 'K04', 'Karyawan Swasta', '4180146223_1039842814.jpg'),
(207, 'Vini Angria', 'K05', '<=3 Orang', '4180146223_519954299.jpg'),
(207, 'Vini Angria', 'K06', '450 / Rp. 50.001,00 Rp. 150.000,00', '4180146223_268683462.jpg'),
(207, 'Vini Angria', 'K07', 'Rp. 100.001,00 s.d Rp. 200.000,00', '4180146223_736031043.jpg'),
(207, 'Vini Angria', 'K08', 'Kurang dari sama dengan Rp. 250.000,00', '4180146223_926338531.jpg'),
(207, 'Vini Angria', 'K09', 'Milik sendiri / Milik Orangtua / milik Wali', '4180146223_1215120973.jpg'),
(207, 'Vini Angria', 'K10', 'Rp. 1,00 s.d Rp. 50.000,00 ', 'IMG-20180512-WA0013.jpg'),
(208, 'Rezky Ramadhani', 'K01', 'Rp. 1.000.001,00 s.d Rp. 2.000.000,00', '4180146241_1018693417.jpg'),
(208, 'Rezky Ramadhani', 'K02', 'Rp. 2.000.001 s.d Rp. 3.999.999,00', '4180146241_1171969208.jpg'),
(208, 'Rezky Ramadhani', 'K03', 'Petani', '4180146241_236914935.jpg'),
(208, 'Rezky Ramadhani', 'K04', 'PNS Golongan III', '4180146241_236914935.jpg'),
(208, 'Rezky Ramadhani', 'K05', '<=3 Orang', '4180146241_403931304.jpg'),
(208, 'Rezky Ramadhani', 'K06', '900 / Rp. 150.001,00 s.d Rp. 300.000,00', '4180146241_756404988.jpg'),
(208, 'Rezky Ramadhani', 'K07', 'Rp. 200.001,00 s.d Rp. 400.000,00', '4180146241_326884315.jpg'),
(208, 'Rezky Ramadhani', 'K08', 'Kurang dari sama dengan Rp. 250.000,00', '4180146241_1132448628.jpg'),
(208, 'Rezky Ramadhani', 'K09', 'Milik sendiri / Milik Orangtua / milik Wali', '4180146241_94721823.jpg'),
(208, 'Rezky Ramadhani', 'K10', 'Rp. 1,00 s.d Rp. 50.000,00 ', '6f2d5d02-7c06-4e09-8885-c9e127096fd8.jpg'),
(209, 'Wendy Kristianto', 'K01', 'Rp. 1.000.001,00 s.d Rp. 2.000.000,00', '4180148628_93487639.jpg'),
(209, 'Wendy Kristianto', 'K02', '0 - Rp. 500.000,00', '4180148628_256769602.jpg'),
(209, 'Wendy Kristianto', 'K03', 'Petani', '4180148628_398323683.jpg'),
(209, 'Wendy Kristianto', 'K04', 'Ibu Rumah Tangga', '4180148628_152579169.jpg'),
(209, 'Wendy Kristianto', 'K05', '6-8 Orang', '4180148628_209583142.jpg'),
(209, 'Wendy Kristianto', 'K06', 'Tidak Ada Listrik / <= Rp. 50.000,00', '4180148628_787129421.jpg'),
(209, 'Wendy Kristianto', 'K07', '<= Rp. 100.000', '4180148628_696397013.jpg'),
(209, 'Wendy Kristianto', 'K08', 'Kurang dari sama dengan Rp. 250.000,00', '4180148628_898592298.jpg'),
(209, 'Wendy Kristianto', 'K09', 'Milik sendiri / Milik Orangtua / milik Wali', '4180148628_13762827.jpg'),
(209, 'Wendy Kristianto', 'K10', 'Rp. 1,00 s.d Rp. 50.000,00 ', 'IMG-20180514-WA0004.jpg'),
(210, 'Silfiansyah Akbar', 'K01', '>= Rp. 4.000.000,00', '4180221441_671944707.jpg'),
(210, 'Silfiansyah Akbar', 'K02', '0 - Rp. 500.000,00', '4180221441_411014365.jpg'),
(210, 'Silfiansyah Akbar', 'K03', 'PNS Gol IV', '4180221441_1123567533.jpg'),
(210, 'Silfiansyah Akbar', 'K04', 'Ibu Rumah Tangga', '4180221441_1345022078.jpg'),
(210, 'Silfiansyah Akbar', 'K05', '<=3 Orang', '4180221441_994300707.jpg'),
(210, 'Silfiansyah Akbar', 'K06', 'Tidak Ada Listrik / <= Rp. 50.000,00', '4180221441_915418611.jpg'),
(210, 'Silfiansyah Akbar', 'K07', '>= Rp. 600.000,00', '4180221441_144886741.jpg'),
(210, 'Silfiansyah Akbar', 'K08', 'Kurang dari sama dengan Rp. 250.000,00', '4180221441_844245861.jpg'),
(210, 'Silfiansyah Akbar', 'K09', 'Milik sendiri / Milik Orangtua / milik Wali', '4180221441_600320800.jpg'),
(210, 'Silfiansyah Akbar', 'K10', 'Rp. 1,00 s.d Rp. 50.000,00 ', 'IMG-20180514-WA0004.jpg'),
(211, 'Jakaria', 'K01', 'Rp. 500.001 s.d Rp. 1.000.000,00', '4180228789_715121919.jpg'),
(211, 'Jakaria', 'K02', '0 - Rp. 500.000,00', '4180228789_255961169.jpg'),
(211, 'Jakaria', 'K03', 'Petani', '4180228789_1386153173.jpg'),
(211, 'Jakaria', 'K04', 'Ibu Rumah Tangga', '4180228789_187040595.jpg'),
(211, 'Jakaria', 'K05', '<=3 Orang', '4180228789_1278861775.jpg'),
(211, 'Jakaria', 'K06', '450 / Rp. 50.001,00 Rp. 150.000,00', '4180228789_1208312257.jpg'),
(211, 'Jakaria', 'K07', '<= Rp. 100.000', '4180228789_1089396163.jpg'),
(211, 'Jakaria', 'K08', 'Kurang dari sama dengan Rp. 250.000,00', '4180228789_736865041.jpg'),
(211, 'Jakaria', 'K09', 'Milik sendiri / Milik Orangtua / milik Wali', '4180228789_525777366.jpg'),
(211, 'Jakaria', 'K10', 'Rp. 1,00 s.d Rp. 50.000,00 ', '9d3b86ca-3d10-49c4-9165-451b3ce0ef75.jpg'),
(212, 'Theo Yoyo', 'K01', 'Rp. 500.001 s.d Rp. 1.000.000,00', '4180267380_452198023.jpg'),
(212, 'Theo Yoyo', 'K02', '0 - Rp. 500.000,00', '4180267380_38212091.jpg'),
(212, 'Theo Yoyo', 'K03', 'Petani', '4180267380_78389719.jpg'),
(212, 'Theo Yoyo', 'K04', 'Tidak Bekerja', '4180267380_1076698911.jpg'),
(212, 'Theo Yoyo', 'K05', '<=3 Orang', '4180267380_1354396390.jpg'),
(212, 'Theo Yoyo', 'K06', '900 / Rp. 150.001,00 s.d Rp. 300.000,00', '4180267380_718097368.jpg'),
(212, 'Theo Yoyo', 'K07', '<= Rp. 100.000', '4180267380_817388803.jpg'),
(212, 'Theo Yoyo', 'K08', 'Kurang dari sama dengan Rp. 250.000,00', '4180267380_916276918.jpg'),
(212, 'Theo Yoyo', 'K09', 'Milik sendiri / Milik Orangtua / milik Wali', '4180267380_631583808.jpg'),
(212, 'Theo Yoyo', 'K10', 'Rp. 1,00 s.d Rp. 50.000,00 ', '9d3b86ca-3d10-49c4-9165-451b3ce0ef75.jpg'),
(213, 'Didiek Sugandi', 'K01', '>= Rp. 4.000.000,00', '4180270631_423407678.jpg'),
(213, 'Didiek Sugandi', 'K02', '0 - Rp. 500.000,00', '4180270631_919180342.jpg'),
(213, 'Didiek Sugandi', 'K03', 'Karyawan Swasta', '4180270631_726228692.jpg'),
(213, 'Didiek Sugandi', 'K04', 'Tidak Bekerja', '4180270631_1296227333.jpg'),
(213, 'Didiek Sugandi', 'K05', '<=3 Orang', '4180270631_126744391.jpg'),
(213, 'Didiek Sugandi', 'K06', '900 / Rp. 150.001,00 s.d Rp. 300.000,00', '4180270631_623454501.jpg'),
(213, 'Didiek Sugandi', 'K07', '>= Rp. 600.000,00', '4180270631_807663891.jpg'),
(213, 'Didiek Sugandi', 'K08', 'Kurang dari sama dengan Rp. 250.000,00', '4180270631_1366253120.jpg'),
(213, 'Didiek Sugandi', 'K09', 'Milik sendiri / Milik Orangtua / milik Wali', '4180270631_891130889.jpg'),
(213, 'Didiek Sugandi', 'K10', 'Rp. 1,00 s.d Rp. 50.000,00 ', 'IMG-20180512-WA0013.jpg'),
(214, 'Nadia Adiningsih', 'K01', '>= Rp. 4.000.000,00', '4180282869_936567417.jpg'),
(214, 'Nadia Adiningsih', 'K02', '0 - Rp. 500.000,00', '4180282869_549960248.jpg'),
(214, 'Nadia Adiningsih', 'K03', 'PNS Gol IV', '4180282869_867763681.jpg'),
(214, 'Nadia Adiningsih', 'K04', 'Tidak Bekerja', '4180282869_404109437.jpg'),
(214, 'Nadia Adiningsih', 'K05', '<=3 Orang', '4180282869_1050935615.jpg'),
(214, 'Nadia Adiningsih', 'K06', '900 / Rp. 150.001,00 s.d Rp. 300.000,00', '4180282869_591520026.jpg'),
(214, 'Nadia Adiningsih', 'K07', 'Rp. 200.001,00 s.d Rp. 400.000,00', '4180282869_642235157.jpg'),
(214, 'Nadia Adiningsih', 'K08', 'Kurang dari sama dengan Rp. 250.000,00', '4180282869_1208731324.jpg'),
(214, 'Nadia Adiningsih', 'K09', 'Milik sendiri / Milik Orangtua / milik Wali', '4180282869_1182089859.jpg'),
(214, 'Nadia Adiningsih', 'K10', 'Rp. 1,00 s.d Rp. 50.000,00 ', 'IMG-20180512-WA0013.jpg'),
(216, 'Rifky Nugraha Utama', 'K01', '>= Rp. 4.000.000,00', '4180333582_171038435.jpg'),
(216, 'Rifky Nugraha Utama', 'K02', '0 - Rp. 500.000,00', '4180333582_10156247.jpg'),
(216, 'Rifky Nugraha Utama', 'K03', 'Perwira Pertama', '4180333582_985111680.jpg'),
(216, 'Rifky Nugraha Utama', 'K04', 'Ibu Rumah Tangga', '4180333582_20487034.jpg'),
(216, 'Rifky Nugraha Utama', 'K05', '<=3 Orang', '4180333582_308726152.jpg'),
(216, 'Rifky Nugraha Utama', 'K06', '1300 / Rp. 300.001,00 s.d Rp. 500.000,00', '4180333582_686096309.jpg'),
(216, 'Rifky Nugraha Utama', 'K07', 'Rp. 200.001,00 s.d Rp. 400.000,00', '4180333582_457171469.jpg'),
(216, 'Rifky Nugraha Utama', 'K08', 'Rp. 2.000.001,00 s.d Rp. 3.000.000,00', '4180333582_1003863836.jpg'),
(216, 'Rifky Nugraha Utama', 'K09', 'Milik sendiri / Milik Orangtua / milik Wali', '4180333582_1176381981.jpg'),
(216, 'Rifky Nugraha Utama', 'K10', 'Rp. 1,00 s.d Rp. 50.000,00 ', '8f668405-9f1f-4ea2-b06a-8f42e9b7373d.jpg'),
(217, 'Dewi Natalie', 'K01', 'Rp. 2.000.001,00 s.d Rp. 3.999.999,00', '4180382175_596621095.jpg'),
(217, 'Dewi Natalie', 'K02', '0 - Rp. 500.000,00', '4180382175_909631110.jpg'),
(217, 'Dewi Natalie', 'K03', 'Pengusaha Kecil', '4180382175_1129441378.jpg'),
(217, 'Dewi Natalie', 'K04', 'Ibu Rumah Tangga', '4180382175_518035734.jpg'),
(217, 'Dewi Natalie', 'K05', '<=3 Orang', '4180382175_75423860.jpg'),
(217, 'Dewi Natalie', 'K06', '450 / Rp. 50.001,00 Rp. 150.000,00', '4180382175_1166436451.jpg'),
(217, 'Dewi Natalie', 'K07', 'Rp. 200.001,00 s.d Rp. 400.000,00', '4180382175_1006067802.jpg'),
(217, 'Dewi Natalie', 'K08', 'Rp. 1.000.001,00 s.d Rp. 2.000.000,00', '4180382175_1272755629.jpg'),
(217, 'Dewi Natalie', 'K09', 'Milik sendiri / Milik Orangtua / milik Wali', '4180382175_1308272007.jpg'),
(217, 'Dewi Natalie', 'K10', 'Rp. 1,00 s.d Rp. 50.000,00 ', '8f668405-9f1f-4ea2-b06a-8f42e9b7373d.jpg'),
(218, 'Silvia Khairani', 'K01', '0 - Rp.500.000,00', '4180408012_620338833.jpg'),
(218, 'Silvia Khairani', 'K02', 'Rp. 1.000.001,00 s.d Rp. 2.000.000,00', '4180408012_1003561390.jpg'),
(218, 'Silvia Khairani', 'K03', 'Tidak Bekerja', '4180408012_983616026.jpg'),
(218, 'Silvia Khairani', 'K04', 'Karyawan Swasta', '4180408012_186198317.jpg'),
(218, 'Silvia Khairani', 'K05', '4 - 5 Orang', '4180408012_89329000.jpg'),
(218, 'Silvia Khairani', 'K06', '450 / Rp. 50.001,00 Rp. 150.000,00', '4180408012_1376984801.jpg'),
(218, 'Silvia Khairani', 'K07', 'Rp. 200.001,00 s.d Rp. 400.000,00', '4180408012_146146428.jpg'),
(218, 'Silvia Khairani', 'K08', 'Kurang dari sama dengan Rp. 250.000,00', '4180408012_852304363.jpg'),
(218, 'Silvia Khairani', 'K09', 'Milik sendiri / Milik Orangtua / milik Wali', '4180408012_400716653.jpg'),
(218, 'Silvia Khairani', 'K10', 'Rp. 1,00 s.d Rp. 50.000,00 ', 'IMG-20180512-WA0013.jpg'),
(220, 'Nadya Syifa Alfikri', 'K01', 'Rp. 500.001 s.d Rp. 1.000.000,00', '4180418274_216829257.jpg'),
(220, 'Nadya Syifa Alfikri', 'K02', '0 - Rp. 500.000,00', '4180418274_411048285.jpg'),
(220, 'Nadya Syifa Alfikri', 'K03', 'Kuli Bangunan', '4180418274_419962623.jpg'),
(220, 'Nadya Syifa Alfikri', 'K04', 'Ibu Rumah Tangga', '4180418274_881886727.jpg'),
(220, 'Nadya Syifa Alfikri', 'K05', '<=3 Orang', '4180418274_910730772.jpg'),
(220, 'Nadya Syifa Alfikri', 'K06', '900 / Rp. 150.001,00 s.d Rp. 300.000,00', '4180418274_1147006439.jpg'),
(220, 'Nadya Syifa Alfikri', 'K07', 'Rp. 200.001,00 s.d Rp. 400.000,00', '4180418274_936590109.jpg'),
(220, 'Nadya Syifa Alfikri', 'K08', 'Kurang dari sama dengan Rp. 250.000,00', '4180418274_479545432.jpg'),
(220, 'Nadya Syifa Alfikri', 'K09', 'Milik sendiri / Milik Orangtua / milik Wali', '4180418274_611163002.jpg'),
(220, 'Nadya Syifa Alfikri', 'K10', 'Rp. 1,00 s.d Rp. 50.000,00 ', 'IMG-20180512-WA0013.jpg'),
(221, 'Bunga Aprilianti', 'K01', '>= Rp. 4.000.000,00', '4180449976_404216700.JPG'),
(221, 'Bunga Aprilianti', 'K02', '0 - Rp. 500.000,00', '4180449976_910867776.jpg'),
(221, 'Bunga Aprilianti', 'K03', 'PNS Gol IV', '4180449976_515006643.jpg'),
(221, 'Bunga Aprilianti', 'K04', 'Ibu Rumah Tangga', '4180449976_839809170.JPG'),
(221, 'Bunga Aprilianti', 'K05', '4 - 5 Orang', '4180449976_183289044.jpg'),
(221, 'Bunga Aprilianti', 'K06', '1300 / Rp. 300.001,00 s.d Rp. 500.000,00', '4180449976_655083612.jpg'),
(221, 'Bunga Aprilianti', 'K07', 'Rp. 200.001,00 s.d Rp. 400.000,00', '4180449976_910563375.JPG'),
(221, 'Bunga Aprilianti', 'K08', 'Kurang dari sama dengan Rp. 250.000,00', '4180449976_897768323.jpg'),
(221, 'Bunga Aprilianti', 'K09', 'Milik sendiri / Milik Orangtua / milik Wali', '4180449976_643979159.JPG'),
(221, 'Bunga Aprilianti', 'K10', 'Rp. 50.001,00 s.d Rp. 100.000,00', 'de0b5eaa-be10-4f4e-bb03-fe99da5a0374.jpg'),
(222, 'Cindy Priscilla H', 'K01', '>= Rp. 4.000.000,00', '4180450893_207606580.jpg'),
(222, 'Cindy Priscilla H', 'K02', '0 - Rp. 500.000,00', '4180450893_203413089.jpg'),
(222, 'Cindy Priscilla H', 'K03', 'Perwira Pertama', '4180450893_980324551.jpg'),
(222, 'Cindy Priscilla H', 'K04', 'Ibu Rumah Tangga', '4180450893_202232859.jpg'),
(222, 'Cindy Priscilla H', 'K05', '6-8 Orang', '4180450893_456252759.jpg'),
(222, 'Cindy Priscilla H', 'K06', '1300 / Rp. 300.001,00 s.d Rp. 500.000,00', '4180450893_435252493.jpg'),
(222, 'Cindy Priscilla H', 'K07', 'Rp. 100.001,00 s.d Rp. 200.000,00', '4180450893_691387967.jpg'),
(222, 'Cindy Priscilla H', 'K08', 'Rp. 1.000.001,00 s.d Rp. 2.000.000,00', '4180450893_787902532.jpg'),
(222, 'Cindy Priscilla H', 'K09', 'Milik sendiri / Milik Orangtua / milik Wali', '4180450893_1265595327.jpg'),
(222, 'Cindy Priscilla H', 'K10', 'Rp. 1,00 s.d Rp. 50.000,00 ', 'IMG-20180514-WA0004.jpg'),
(223, 'Septian Surya Pratama', 'K01', 'Rp. 1.000.001,00 s.d Rp. 2.000.000,00', '4180453270_670144030.jpg'),
(223, 'Septian Surya Pratama', 'K02', '0 - Rp. 500.000,00', '4180453270_734474883.jpg'),
(223, 'Septian Surya Pratama', 'K03', 'Petani', '4180453270_602359666.jpg'),
(223, 'Septian Surya Pratama', 'K04', 'Ibu Rumah Tangga', '4180453270_1188469583.jpg'),
(223, 'Septian Surya Pratama', 'K05', '4 - 5 Orang', '4180453270_1001373120.jpg'),
(223, 'Septian Surya Pratama', 'K06', '450 / Rp. 50.001,00 Rp. 150.000,00', '4180453270_1338007650.jpg'),
(223, 'Septian Surya Pratama', 'K07', 'Rp. 200.001,00 s.d Rp. 400.000,00', '4180453270_92155234.jpg'),
(223, 'Septian Surya Pratama', 'K08', 'Kurang dari sama dengan Rp. 250.000,00', '4180453270_1301581130.jpg'),
(223, 'Septian Surya Pratama', 'K09', 'Milik sendiri / Milik Orangtua / milik Wali', '4180453270_1237304773.jpg'),
(223, 'Septian Surya Pratama', 'K10', 'Tidak Ada', 'IMG-20180514-WA0004.jpg'),
(224, 'Afrizalya Pranandari Santoso', 'K01', '0 - Rp.500.000,00', '4180467784_1345397088.jpg'),
(224, 'Afrizalya Pranandari Santoso', 'K02', '>= Rp. 4.000.000,00', '4180467784_678780822.jpg'),
(224, 'Afrizalya Pranandari Santoso', 'K03', 'Tidak Bekerja', '4180467784_214832504.jpg'),
(224, 'Afrizalya Pranandari Santoso', 'K04', 'PNS Gol IV', '4180467784_1012208218.jpg'),
(224, 'Afrizalya Pranandari Santoso', 'K05', '<=3 Orang', '4180467784_569346915.jpg'),
(224, 'Afrizalya Pranandari Santoso', 'K06', '900 / Rp. 150.001,00 s.d Rp. 300.000,00', '4180467784_328984021.jpg'),
(224, 'Afrizalya Pranandari Santoso', 'K07', 'Rp. 200.001,00 s.d Rp. 400.000,00', '4180467784_106339846.jpg'),
(224, 'Afrizalya Pranandari Santoso', 'K08', 'Kurang dari sama dengan Rp. 250.000,00', '4180467784_549661128.jpg'),
(224, 'Afrizalya Pranandari Santoso', 'K09', 'Milik sendiri / Milik Orangtua / milik Wali', '4180467784_522423349.jpg'),
(224, 'Afrizalya Pranandari Santoso', 'K10', 'Rp. 1,00 s.d Rp. 50.000,00 ', '8f668405-9f1f-4ea2-b06a-8f42e9b7373d.jpg'),
(225, 'Chorry Anggreini', 'K01', 'Rp. 500.001 s.d Rp. 1.000.000,00', '4180482085_169807336.jpg'),
(225, 'Chorry Anggreini', 'K02', '0 - Rp. 500.000,00', '4180482085_735361426.jpg'),
(225, 'Chorry Anggreini', 'K03', 'Nelayan', '4180482085_106102217.jpg'),
(225, 'Chorry Anggreini', 'K04', 'Ibu Rumah Tangga', '4180482085_106102217.jpg'),
(225, 'Chorry Anggreini', 'K05', '<=3 Orang', '4180482085_997042461.jpg'),
(225, 'Chorry Anggreini', 'K06', '450 / Rp. 50.001,00 Rp. 150.000,00', '4180482085_580326236.jpg'),
(225, 'Chorry Anggreini', 'K07', 'Rp. 200.001,00 s.d Rp. 400.000,00', '4180482085_529853794.jpg'),
(225, 'Chorry Anggreini', 'K08', 'Kurang dari sama dengan Rp. 250.000,00', '4180482085_1236904130.jpg'),
(225, 'Chorry Anggreini', 'K09', 'Milik sendiri / Milik Orangtua / milik Wali', '4180482085_466725466.jpg'),
(225, 'Chorry Anggreini', 'K10', 'Rp. 1,00 s.d Rp. 50.000,00 ', '9d3b86ca-3d10-49c4-9165-451b3ce0ef75.jpg'),
(226, 'Aprianto', 'K01', 'Rp. 2.000.001,00 s.d Rp. 3.999.999,00', '4180489361_1271190082.jpg'),
(226, 'Aprianto', 'K02', '0 - Rp. 500.000,00', '4180489361_1212921289.jpg'),
(226, 'Aprianto', 'K03', 'Karyawan Swasta', '4180489361_778323095.jpg'),
(226, 'Aprianto', 'K04', 'Ibu Rumah Tangga', '4180489361_681563301.jpg'),
(226, 'Aprianto', 'K05', '<=3 Orang', '4180489361_343655417.jpg'),
(226, 'Aprianto', 'K06', 'Tidak Ada Listrik / <= Rp. 50.000,00', '4180489361_322672195.jpg'),
(226, 'Aprianto', 'K07', 'Rp. 100.001,00 s.d Rp. 200.000,00', '4180489361_246568637.jpg'),
(226, 'Aprianto', 'K08', 'Kurang dari sama dengan Rp. 250.000,00', '4180489361_1310875960.jpg'),
(226, 'Aprianto', 'K09', 'Milik sendiri / Milik Orangtua / milik Wali', '4180489361_179700891.jpg'),
(226, 'Aprianto', 'K10', 'Rp. 1,00 s.d Rp. 50.000,00 ', '9d3b86ca-3d10-49c4-9165-451b3ce0ef75.jpg'),
(227, 'Elsa Claudia', 'K01', '0 - Rp.500.000,00', '4180500814_316426363.jpg'),
(227, 'Elsa Claudia', 'K02', '0 - Rp. 500.000,00', '4180500814_1324830892.jpg'),
(227, 'Elsa Claudia', 'K03', 'Petani', '4180500814_652883376.jpg'),
(227, 'Elsa Claudia', 'K04', 'Ibu Rumah Tangga', '4180500814_652883376.jpg'),
(227, 'Elsa Claudia', 'K05', '<=3 Orang', '4180500814_800426609.jpg'),
(227, 'Elsa Claudia', 'K06', '2200 / >= Rp. 500.000,00', '4180500814_64734232.jpg'),
(227, 'Elsa Claudia', 'K07', '<= Rp. 100.000', '4180500814_715874628.jpg'),
(227, 'Elsa Claudia', 'K08', 'Kurang dari sama dengan Rp. 250.000,00', '4180500814_408602433.jpg'),
(227, 'Elsa Claudia', 'K09', 'Milik sendiri / Milik Orangtua / milik Wali', '4180500814_262931968.jpg'),
(227, 'Elsa Claudia', 'K10', 'Tidak Ada', 'c92bdeb3-90a1-4aea-b8e2-b118ee571cb7.jpg'),
(228, 'Muhammad Wahyudi', 'K01', 'Rp. 500.001 s.d Rp. 1.000.000,00', '4180504644_1023409854.jpg'),
(228, 'Muhammad Wahyudi', 'K02', '0 - Rp. 500.000,00', '4180504644_146330692.jpg'),
(228, 'Muhammad Wahyudi', 'K03', 'Petani', '4180504644_161875733.jpg'),
(228, 'Muhammad Wahyudi', 'K04', 'Ibu Rumah Tangga', '4180504644_1346042730.jpg'),
(228, 'Muhammad Wahyudi', 'K05', '<=3 Orang', '4180504644_1094452702.jpg'),
(228, 'Muhammad Wahyudi', 'K06', '450 / Rp. 50.001,00 Rp. 150.000,00', '4180504644_155854382.jpg'),
(228, 'Muhammad Wahyudi', 'K07', '<= Rp. 100.000', '4180504644_971091420.jpg'),
(228, 'Muhammad Wahyudi', 'K08', 'Kurang dari sama dengan Rp. 250.000,00', '4180504644_1073895697.jpg'),
(228, 'Muhammad Wahyudi', 'K09', 'Milik sendiri / Milik Orangtua / milik Wali', '4180504644_1214698045.jpg'),
(228, 'Muhammad Wahyudi', 'K10', 'Tidak Ada', 'c92bdeb3-90a1-4aea-b8e2-b118ee571cb7.jpg'),
(229, 'Afuwu Afriana', 'K01', 'Rp. 500.001 s.d Rp. 1.000.000,00', '4180514493_450088544.jpg'),
(229, 'Afuwu Afriana', 'K02', '0 - Rp. 500.000,00', '4180514493_210829519.jpg'),
(229, 'Afuwu Afriana', 'K03', 'Buruh/pelayan', '4180514493_1225740367.jpg'),
(229, 'Afuwu Afriana', 'K04', 'Ibu Rumah Tangga', '4180514493_612802056.jpg'),
(229, 'Afuwu Afriana', 'K05', '<=3 Orang', '4180514493_1206579188.jpg'),
(229, 'Afuwu Afriana', 'K06', '450 / Rp. 50.001,00 Rp. 150.000,00', '4180514493_742871997.jpg'),
(229, 'Afuwu Afriana', 'K07', '<= Rp. 100.000', '4180514493_479006829.jpg'),
(229, 'Afuwu Afriana', 'K08', 'Kurang dari sama dengan Rp. 250.000,00', '4180514493_266946389.jpg'),
(229, 'Afuwu Afriana', 'K09', 'Milik sendiri / Milik Orangtua / milik Wali', '4180514493_182092828.jpg'),
(229, 'Afuwu Afriana', 'K10', 'Rp. 1,00 s.d Rp. 50.000,00 ', '9d3b86ca-3d10-49c4-9165-451b3ce0ef75.jpg'),
(230, 'Dewi Dwi Purwati', 'K01', 'Rp. 1.000.001,00 s.d Rp. 2.000.000,00', '4180532706_1084880512.jpg'),
(230, 'Dewi Dwi Purwati', 'K02', '0 - Rp. 500.000,00', '4180532706_1117431893.jpg'),
(230, 'Dewi Dwi Purwati', 'K03', 'Karyawan Swasta', '4180532706_1375970902.jpg'),
(230, 'Dewi Dwi Purwati', 'K04', 'Tidak Bekerja', '4180532706_418276484.jpg'),
(230, 'Dewi Dwi Purwati', 'K05', '<=3 Orang', '4180532706_925941055.jpg'),
(230, 'Dewi Dwi Purwati', 'K06', 'Tidak Ada Listrik / <= Rp. 50.000,00', '4180532706_405192058.jpg'),
(230, 'Dewi Dwi Purwati', 'K07', 'Rp. 200.001,00 s.d Rp. 400.000,00', '4180532706_1218999567.jpg'),
(230, 'Dewi Dwi Purwati', 'K08', 'Kurang dari sama dengan Rp. 250.000,00', '4180532706_302112912.jpg'),
(230, 'Dewi Dwi Purwati', 'K09', 'Rumah Dinas', '4180532706_893100306.jpg'),
(230, 'Dewi Dwi Purwati', 'K10', 'Tidak Ada', 'c92bdeb3-90a1-4aea-b8e2-b118ee571cb7.jpg');

-- --------------------------------------------------------

--
-- Table structure for table `mahasiswa`
--

CREATE TABLE `mahasiswa` (
  `id_mahasiswa` int(11) NOT NULL,
  `username` varchar(255) NOT NULL,
  `password` varchar(255) NOT NULL,
  `nama_mahasiswa` varchar(255) NOT NULL,
  `K01` int(3) NOT NULL,
  `K02` int(3) NOT NULL,
  `K03` int(3) NOT NULL,
  `K04` int(3) NOT NULL,
  `K05` int(3) NOT NULL,
  `K06` int(3) NOT NULL,
  `K07` int(3) NOT NULL,
  `K08` int(3) NOT NULL,
  `K09` int(3) NOT NULL,
  `K10` int(3) NOT NULL,
  `no_peserta` varchar(255) NOT NULL,
  `email` varchar(100) NOT NULL,
  `verifikasi` enum('Ya','Tidak') NOT NULL
) ENGINE=InnoDB DEFAULT CHARSET=latin1;

--
-- Dumping data for table `mahasiswa`
--

INSERT INTO `mahasiswa` (`id_mahasiswa`, `username`, `password`, `nama_mahasiswa`, `K01`, `K02`, `K03`, `K04`, `K05`, `K06`, `K07`, `K08`, `K09`, `K10`, `no_peserta`, `email`, `verifikasi`) VALUES
(127, 'mahendra', '8089c766cbfbc04cc2cabf5dcd3c80f1', 'Mahendra', 3, 1, 2, 1, 5, 4, 3, 1, 4, 2, '4180319261', 'hendramahen76@gmail.com', 'Ya'),
(128, 'monika', '9e4c062a7a96b2757d97edb775444529', 'Monika Whindasari T.', 1, 1, 2, 2, 4, 3, 2, 1, 4, 2, '4180267159', 'monikawindhasari@gmail.com', 'Ya'),
(129, 'muhammad_sunariya', 'bb7257beb5ba1f357d7fabe4ccf13f5f', 'Muhammad Sunariya', 5, 5, 5, 5, 5, 3, 3, 1, 4, 4, '4180285792', 'm.sunariya15@gmail.com', 'Ya'),
(130, 'riski_latifah', 'a85d41b40c2c96db43e960db29918c66', 'Riski Latifah', 3, 1, 5, 1, 4, 2, 3, 1, 4, 2, '4180132886', 'riskilatifah2@gmail.com', 'Ya'),
(131, 'shella', '1193c58077efd1ce78fab04f15eb790d', 'Shella Mida Juniarti', 2, 1, 2, 1, 5, 2, 3, 1, 4, 2, '4180290300', 'shellamida1206@gmail.com', 'Ya'),
(132, 'utin', 'e97f48785abcb667a78bdcef63bb0958', 'Utin Marisa', 2, 1, 2, 1, 5, 2, 3, 1, 4, 2, '4180164517', 'utinmarisaicha@gmail.com', 'Ya'),
(133, 'widia_dwi', '933079574970c901b17a8513fbb2123d', 'Widia Dwi Cahyanti', 3, 3, 2, 2, 5, 3, 2, 1, 4, 2, '4180183281', 'widiadwicahyanti207@gmail.com', 'Ya'),
(134, 'alphi', '4f635f948662b3e513a5bc5eb74dc4fa', 'Alphi Praja Andika', 3, 1, 5, 1, 5, 3, 3, 1, 4, 2, '4180426528', 'alphipraja23@gmail.com', 'Ya'),
(135, 'asterina', '977b67cdaf60dc4269db4754f9d5ed96', 'Asterina', 4, 1, 5, 1, 5, 4, 2, 1, 4, 2, '4180462880', 'asterina112233@gmail.com', 'Ya'),
(136, 'putri_balqis', 'f12dbb9c43bcd5b9f1778b5f7d79de82', 'Putri Balqis Alghozali', 4, 1, 5, 1, 5, 2, 3, 1, 4, 2, '4180255541', 'putribalqis2203@gmail.com', 'Ya'),
(137, 'retry', '596eaff1fe527997a86222353a72810b', 'Retry Asykurani Abdillah', 2, 1, 3, 1, 5, 1, 2, 1, 4, 3, '4180307493', 'retry.asykurani03@gmail.com', 'Ya'),
(138, 'sri_harsita', '3d1c037d9acb70d3f10eb2386237edf4', 'Sri Harsita', 4, 1, 5, 1, 5, 5, 2, 1, 4, 2, '4180282263', 'sriharsita1203@gmail.com', 'Ya'),
(139, 'bahrian', '21b38ecffe8745a63e86b84d8c46198c', 'Bahrian Kuncoro Aji', 4, 4, 3, 1, 5, 4, 3, 1, 4, 2, '4180176543', 'bahrian19ka@gmail.com', 'Ya'),
(140, 'maura', '46fe4794bfe6f8b991e86edb40696df2', 'Maura Aulia Finirsa', 5, 1, 5, 1, 5, 4, 3, 1, 4, 3, '4180234673', 'maurafinirsa07@gmail.com', 'Ya'),
(141, 'erine', '9c915bd2894f38269cf9bb95c6eb8e29', 'Erine Aqrelia', 3, 3, 5, 5, 5, 2, 3, 1, 4, 2, '4180385648', 'erineaqrelia0728@gmail.com', 'Ya'),
(142, 'yola_oktavia', '4ad71bd4c8430485aefcd01667332c49', 'Yola Oktavia', 2, 1, 5, 1, 5, 1, 1, 1, 4, 2, '4180132352', 'oktaviayola415@gmail.com', 'Ya'),
(143, 'yuli_ayu', 'c00c6acf425e5847b9261bd5d826513a', 'Yuli Ayu Nursinta', 4, 1, 5, 1, 4, 4, 2, 1, 4, 2, '4180367605', 'lionairbrasso21@gmail.com', 'Ya'),
(144, 'desi_suryaningsih', 'cccafcc5bcd62d7bdccbbc27656795d7', 'Desi Suryaningsih', 4, 1, 5, 1, 5, 4, 3, 1, 4, 2, '4180495490', 'herry.yadi@ninjavan.co', 'Ya'),
(145, 'hilza', '5e206843e7c68924a84a87a24e409bb6', 'Hilza Syahdini', 2, 1, 2, 1, 5, 2, 1, 1, 4, 3, '4180363705', 'hilzasyah@gmail.com', 'Ya'),
(146, 'retno', '46fe4794bfe6f8b991e86edb40696df2', 'Retno', 2, 1, 1, 1, 5, 2, 3, 1, 4, 2, '4180482612', 'retno8838@gmail.com', 'Ya'),
(147, 'pipit', '6cc6e575c7480e1af395320068781757', 'Pipit Kusmayanti', 2, 1, 5, 1, 5, 3, 3, 1, 4, 1, '4180102436', 'nanndohendra@gmail.com', 'Ya'),
(148, 'syarif', '846a850b3e3f85e6238ab11d39fe6e6b', 'Syarif Umar Faezal', 4, 1, 5, 1, 4, 2, 3, 1, 4, 2, '4180538978', 'syarifumar393@gmail.com', 'Ya'),
(149, 'veronika', '2f6958407985f624c1c670b147e0b951', 'Veronika Pitri', 5, 1, 5, 1, 4, 3, 1, 1, 4, 4, '4180085319', 'veronikapitri26@gmail.com', 'Ya'),
(150, 'ya_muhammad', '7e89361a4d934c66fa1c32678a814cbb', 'Ya Muhammad Arsyad', 5, 1, 5, 1, 5, 5, 3, 1, 4, 2, '4180530173', 'ya.arsyad03@gmail.com', 'Ya'),
(151, 'listiawati', '11817850d7c914b7703d6c0868714d79', 'Listiawati', 4, 1, 2, 1, 5, 2, 3, 1, 4, 2, '4180446359', 'tilistiawa25@gmail.com', 'Ya'),
(152, 'al_asma', 'cf4a483e91d32253558938a8eec68967', 'Al Asma', 4, 5, 5, 5, 5, 3, 3, 3, 4, 4, '4180511778', 'asmaglx74@gmail.com', 'Ya'),
(153, 'firdha', '176b77608ad00e782f8cce6700127d53', 'Firdha Kusuma Wulandari', 4, 1, 3, 1, 5, 1, 3, 1, 4, 2, '4180041902', 'firdhafw@yahoo.com', 'Ya'),
(154, 'wildan', 'c82e4549537a9fb24ba7fd07ce5b91c4', 'Muhammad Wildan', 1, 1, 2, 2, 4, 2, 1, 1, 4, 2, '4180412754', 'wildanmuhammad2807@gmail.com', 'Ya'),
(155, 'sri_wahyuni', '61ea4ff957a0c181448bda10d995ea90', 'Sri Wahyuni', 3, 1, 2, 1, 3, 2, 3, 1, 4, 2, '4180403927', 'rohemiscorpio@gmail.com', 'Ya'),
(156, 'muhammad_rizki', '8669c22dd0e4f15dfd605d85a0a7d600', 'Muhammad Rizki', 2, 1, 2, 1, 4, 2, 5, 1, 4, 2, '4180231474', 'muhammadrizky9c@gmail.com', 'Ya'),
(157, 'delina', 'c778ed55a5296ca3c24a9d5b168a8682', 'Delina Widiyanti', 5, 1, 5, 1, 5, 1, 3, 1, 4, 2, '4180480852', 'delinaa17@gmail.com', 'Ya'),
(158, 'dimas_aji', '1b9a367ffeb3cd02cd37f3cd209e805b', 'Dimas Aji Nugroho', 1, 4, 2, 3, 5, 2, 3, 1, 4, 3, '4180546594', 'dimasajijaxx@gmail.com', 'Ya'),
(159, 'hanifah', '34296051a44c79e7f478cfec51e08796', 'Hanifah', 2, 1, 1, 1, 5, 2, 3, 1, 4, 2, '4180065797', 'hanifah.hani10@gmail.com', 'Ya'),
(160, 'melinia', '09b61b8635192b1bab60e26c4120f9fc', 'Melinia Febriyanti', 5, 1, 5, 1, 5, 4, 3, 1, 4, 3, '4180352235', 'meliniafebriya17@gmail.com', 'Ya'),
(161, 'reza', '933079574970c901b17a8513fbb2123d', 'Reza Primurdany', 5, 1, 5, 1, 5, 2, 4, 1, 4, 2, '4180367076', 'rezaprimurdany@gmail.com', 'Ya'),
(162, 'tasha', '8b66639c73b715968b12a66db07421ec', 'Tasha Safira Putri', 1, 4, 1, 5, 5, 3, 4, 1, 4, 2, '4180420973', 'tashasafirap25@gmail.com', 'Ya'),
(163, 'adrianus', '560397e01389c97f40b847bb7ddb1d35', 'Adrianus Domi', 3, 1, 2, 1, 4, 5, 3, 1, 4, 2, '4180078022', 'adrianus195@gmail.com', 'Ya'),
(164, 'dendy', '205bfdfdad0dc7ee057b9e7ebe6406a3', 'Dendy Mulyajaya', 4, 1, 2, 1, 5, 4, 3, 1, 4, 2, '4180565804', 'dendymuliajaya@gmail.com', 'Ya'),
(165, 'hansen', '4f485f688377bcae0d4ef9a27d3835fa', 'Hansen Alexander Rustan', 4, 1, 5, 1, 5, 5, 4, 1, 4, 2, '4180405779', 'hansenalexander@musician.org', 'Ya'),
(166, 'nurul_baiti', 'b3c54ff2b2256e4e4dd993157543a167', 'Nurul Baiti', 4, 4, 1, 1, 5, 2, 1, 1, 4, 1, '4180584717', 'nurulbaiti8102@gmail.com', 'Ya'),
(167, 'ranny', 'aea9e3c32bd279538928e86e7dd5d00c', 'Ranny Prastika', 4, 1, 5, 1, 5, 2, 5, 1, 4, 2, '4180072928', 'raniadvangalaxy8@gmail.com', 'Ya'),
(168, 'rinta', 'be7be8096c8cbcbb9463af9b13d17163', 'Rinta Cahyani', 1, 1, 2, 1, 5, 2, 2, 1, 4, 2, '4180234257', 'rintatanjungmaju@gmail.com', 'Ya'),
(169, 'yasa', 'db419cf7075fc686cf389b4b839ebbe2', 'Yasa Khalqiah', 4, 5, 5, 5, 5, 4, 5, 4, 4, 2, '4180064398', 'darkf199@gmail.com', 'Ya'),
(170, 'chelse', '5f3794e453728ebd57c89f34722ced89', 'Chelse Dwi Apriyana Tamba', 4, 1, 5, 1, 5, 3, 3, 1, 4, 3, '4180029479', 'chelsedwi4@gmail.com', 'Ya'),
(171, 'clara', 'f773b53cbfbec9b583837700c9c201db', 'Clara Vista Magdalena Sihombin', 3, 1, 5, 5, 4, 3, 1, 1, 4, 4, '4180430537', 'claraavistaa23@gmail.com', 'Ya'),
(172, 'evi', '58f7292844548d24b46a7006f35ef55c', 'Evi Nopita Sari', 4, 1, 1, 1, 4, 2, 3, 1, 4, 3, '4180353288', 'eviglx4@gmail.com', 'Ya'),
(173, 'hastri', '2d7d3eb88b6d9b226e2db90fbfcc2e02', 'Hastri Sastia Wuri', 5, 5, 4, 5, 5, 3, 3, 3, 4, 2, '4180289183', 'hastrivivo@gmail.com', 'Ya'),
(174, 'junita', '5e36cb4489d53972cbded00dcdbec5c5', 'Junita', 1, 4, 1, 5, 5, 4, 3, 4, 4, 4, '4180086019', 'junitadjie52@gmail.com', 'Ya'),
(175, 'nur_addina', '46604eb3d8e10106739d5162ab1b5caf', 'Nur Addina Putri', 4, 4, 5, 5, 5, 3, 3, 4, 4, 3, '4180559115', 'dinaaa2729@gmail.com', 'Ya'),
(176, 'rahmanita', 'a09bca5553e58826a65d8e3e954bb54d', 'Rahmanita Febrianti Rusmaningtyas', 5, 5, 5, 5, 5, 4, 4, 1, 4, 2, '4180282109', 'rahmanitavivo77@gmail.com', 'Ya'),
(177, 'rido', 'b22a7749d8440d55a9b04ebc63680c1d', 'Rido Amarrullah', 5, 4, 5, 3, 5, 5, 2, 1, 4, 2, '4180086279', 'rido.amarrullah1704@gmail.com', 'Ya'),
(178, 'siti_dwi', '8ab1ce4ce7e725c25b97731d9d1909d0', 'Siti Dwi Purwanti', 5, 4, 5, 5, 5, 4, 3, 3, 4, 2, '4180520955', 'purwantisd@gmail.com', 'Ya'),
(179, 'tan_ade', '9561ee96f6ecb20a9d708a89c601de19', 'Tan Ade Indra Satria', 4, 4, 3, 5, 5, 4, 3, 3, 4, 2, '4180105300', 'tanadeindra@gmail.com', 'Ya'),
(180, 'winny', '5b4eca20c58d4a4ec600aa3f87073ee0', 'Winny Chindrianti', 2, 1, 1, 1, 5, 2, 3, 1, 4, 2, '4180103155', 'winnychindrianti@gmail.com', 'Ya'),
(182, 'putri', '17b646ca13a2cc9732a098f33336f6e8', 'Putri Safrilia', 5, 1, 3, 1, 5, 5, 3, 3, 4, 2, '4180283895', 'yc7ccp@yahoo.com', 'Ya'),
(183, 'okhari', 'e8b6cb50fb68fdd9c932d51bd2744c9a', 'Okhari Kafriandeni', 1, 2, 1, 5, 4, 1, 1, 1, 4, 1, '4180304545', 'oktaviayola415@gmail.com', 'Ya'),
(184, 'yuni', 'd63e666c56ab56e8ce6c969b4cfb519e', 'Yuni Ardianti', 2, 1, 2, 2, 4, 1, 3, 1, 4, 2, '4180315005', 'yuniard1402@gmail.com', 'Ya'),
(185, 'rahmi', '9d3413417c4969fe3a2bcb648ba7bc40', 'Rahmi Fadhillah', 3, 1, 1, 1, 3, 2, 3, 1, 4, 1, '4180401072', 'rahmifadhillah08@gmail.com', 'Ya'),
(186, 'teofilius', 'ba519c5886b865f4e57008a0e4d6884e', 'Teofilius Sintan', 1, 1, 1, 2, 5, 3, 3, 1, 4, 2, '4180417207', 'teofiluspts@gmail.com', 'Ya'),
(187, 'septiana', 'd63e666c56ab56e8ce6c969b4cfb519e', 'Septiana', 3, 1, 1, 1, 4, 4, 3, 1, 4, 1, '4180170240', 'septi33ana@gmail.com', 'Ya'),
(188, 'khaerunnisa', '6cc6e575c7480e1af395320068781757', 'Khaerunnisa Nur Eka Dyah Oktaviani', 4, 1, 1, 1, 5, 2, 1, 1, 4, 1, '4180459115', 'khrnnsanedo14@gmail.com', 'Ya'),
(189, 'endang', '6b7bf1f681ac23a80508da26eb34547b', 'Endang', 4, 1, 1, 1, 4, 2, 3, 1, 4, 1, '4180487534', 'endang8888endang@gmail.com', 'Ya'),
(190, 'yanda', '47d8b1f33d0ddb8fef59802827c77360', 'Yanda Annisa Putri', 4, 1, 5, 1, 5, 2, 2, 1, 4, 2, '4180555705', 'yandaannisaputri@gmail.com', 'Ya'),
(191, 'vridolin', 'e94cc45518038314a640dd5fb2a8f1ac', 'Vridolin Vicry', 2, 1, 2, 1, 3, 4, 1, 1, 4, 1, '4180158111', 'vridolin999@gmail.com', 'Ya'),
(192, 'aulia', 'addd13f3ea66a9fa61ffde473d775e95', 'Aulia Nurul Hasanah', 2, 1, 2, 1, 5, 2, 3, 1, 4, 2, '4180497281', 'aulianurul2710@gmail.com', 'Ya'),
(193, 'salsabila', '2b87246e87dafe57bac6d2f8cb85e16a', 'Salsabila Harmawanda', 3, 1, 5, 1, 4, 4, 1, 1, 4, 2, '4180466031', 'salsabilaharmawanda556@gmail.com', 'Ya'),
(194, 'siti_rahayu', '1b55ae8408820fa6880cf178ce12b99d', 'Siti Rahayu', 1, 1, 3, 3, 5, 3, 5, 1, 4, 1, '4180162569', 'ayugirl1704@gmail.com', 'Ya'),
(195, 'sindi', '1c663f72f64e3ad05113de6a6b02b5b6', 'Sindi Aprianti', 3, 1, 3, 1, 5, 3, 2, 1, 4, 1, '4180565880', 'sindiaprnt12@gmail.com', 'Ya'),
(196, 'vera', '5d51b62a3446b97dcb86223274eced8b', 'Vera Magdalena', 3, 1, 2, 1, 5, 3, 3, 1, 4, 1, '4180128474', 'veramgdalena@gmail.com', 'Ya'),
(197, 'ummu', '70866286c77286021cfe8b7428ec4030', 'Ummu Safa Salsabila', 5, 1, 5, 1, 5, 4, 2, 2, 4, 2, '4180351693', 'safaslsbila0309@gmail.com', 'Ya'),
(199, 'teti', '9b744ab3f89a392ce8d71771ea5858ff', 'Teti Amalia Novianti', 5, 4, 5, 5, 5, 1, 3, 4, 4, 3, '4180526206', 'tetiamalianov@gmail.com', 'Ya'),
(200, 'septia_miranti', '66a6c67ccc4827e21aba65fd341d790c', 'Septia Miranti', 3, 1, 2, 1, 5, 4, 3, 1, 4, 3, '4180042377', 'septiamiranti19@gmail.com', 'Ya'),
(201, 'leo', '25d55ad283aa400af464c76d713c07ad', 'Leo Kristanto Tri Nugroho', 5, 3, 5, 1, 5, 2, 5, 1, 4, 2, '1029384756', 'leokristanto@gmail.com', 'Ya'),
(202, 'tirta', '7f27594f74099403049411ae806c1834', 'Tirta Prayoga', 2, 1, 2, 1, 5, 3, 3, 1, 4, 2, '4180074609', 'tirtaonvenryelixyerz@yahoo.com', 'Ya'),
(203, 'khaisya', '9d9878242443bdd09054eb6e8a1e0fad', 'Khaisya Febrianti', 4, 1, 4, 1, 5, 2, 3, 1, 4, 1, '4180082691', 'khaisaica@gmail.com', 'Ya'),
(204, 'titania', '5d51b62a3446b97dcb86223274eced8b', 'Titania Nefi Putri', 2, 1, 1, 1, 5, 3, 1, 1, 4, 1, '4180123721', 'titanianefis@gmail.com', 'Ya'),
(205, 'sri_eka', 'ce0d9a3907b513e6567b33d9559e6ba5', 'Sri Eka Indriani', 5, 1, 5, 1, 5, 3, 4, 1, 4, 2, '4180131488', 'ekaindriani2000@gmail.com', 'Ya'),
(206, 'ika_tamara', '64aa75866815e267e3d75e8514c6275b', 'Ika Tamara Putri', 1, 1, 1, 1, 4, 2, 3, 1, 4, 1, '4180132302', 'ikatamaraputrii@gmail.com', 'Ya'),
(207, 'vini', '959587525c5dc0c8017d317be5f6d09a', 'Vini Angria', 4, 4, 5, 5, 5, 2, 2, 1, 4, 2, '4180146223', 'anggriaviny@gmail.com', 'Ya'),
(208, 'rezky', '09e494c98148a01e6f4b1e241bccc1bd', 'Rezky Ramadhani', 3, 4, 2, 5, 5, 3, 3, 1, 4, 2, '4180146241', 'rezky.ramadhani131299@gmail.com', 'Ya'),
(209, 'wendy', 'f5a904d3be49bbce3505a7ff94aeb7e1', 'Wendy Kristianto', 3, 1, 2, 1, 3, 1, 1, 1, 4, 2, '4180148628', 'wendikristiantoa37@gmail.com', 'Ya'),
(210, 'silfiansyah', 'c25e3a2694b20aa2771b7379d42f5ce8', 'Silfiansyah Akbar', 5, 1, 5, 1, 5, 1, 5, 1, 4, 2, '4180221441', 'silfiansyahakbar04@gmail.com', 'Ya'),
(211, 'jakaria', '16f2e2ecc9d965898bafe5b291d61b76', 'Jakaria', 2, 1, 2, 1, 5, 2, 1, 1, 4, 2, '4180228789', 'jakariajakaria265@gmail.com', 'Ya'),
(212, 'theo', '9bbb6079782c8da119d7b1a7f26c3e46', 'Theo Yoyo', 2, 1, 2, 1, 5, 3, 1, 1, 4, 2, '4180267380', 'yoyobengkayang2017@gmail.com', 'Ya'),
(213, 'didiek', '226802e8529beb12b09280e3550c153f', 'Didiek Sugandi', 5, 1, 5, 1, 5, 3, 5, 1, 4, 2, '4180270631', 'didieksugandi090500@gmail.com', 'Ya'),
(214, 'nadia', '9fa3efab618bcac1cccee381d338e330', 'Nadia Adiningsih', 5, 1, 5, 1, 5, 3, 3, 1, 4, 2, '4180282869', 'nadiaadiningsih20@gmail.com', 'Ya'),
(216, 'rifky', 'f51f00ca552631c1bd28616be2420ccf', 'Rifky Nugraha Utama', 5, 1, 5, 1, 5, 4, 3, 4, 4, 2, '4180333582', 'rifkynugraha.utama@gmail.com', 'Ya'),
(217, 'dewi_natalie', 'ea27a17a74c6f7569169dce4fcfae533', 'Dewi Natalie', 4, 1, 5, 1, 5, 2, 3, 3, 4, 2, '4180382175', 'dewinatalie81@gmail.com', 'Ya'),
(218, 'silvia', 'e7482e4f135b954df14bed35c603a23c', 'Silvia Khairani', 1, 3, 1, 5, 4, 2, 3, 1, 4, 2, '4180408012', 'silviakhairani05@gmail.com', 'Ya'),
(220, 'nadya', '2dd5dfbfd9887359f5d4e2368562cb6e', 'Nadya Syifa Alfikri', 2, 1, 1, 1, 5, 3, 3, 1, 4, 2, '4180418274', 'nadyasyifa.alfikri@gmail.com', 'Ya'),
(221, 'bunga', '05ef2724cdfb1faa61be2aeaf81eb843', 'Bunga Aprilianti', 5, 1, 5, 1, 4, 4, 3, 1, 4, 3, '4180449976', 'bungaaprilianti12345@gmail.com', 'Ya'),
(222, 'cindy', '13d00a42f01a0d889697871c6257d07b', 'Cindy Priscilla H', 5, 1, 5, 1, 3, 4, 2, 3, 4, 2, '4180450893', 'cindypriscilla_h@yahoo.co.id', 'Ya'),
(223, 'septian_surya', '7c07f01d3b013711d0765c41d8cb3da3', 'Septian Surya Pratama', 3, 1, 2, 1, 4, 2, 3, 1, 4, 1, '4180453270', 'septians10@gmail.com', 'Ya'),
(224, 'afrizalya', 'a44459ae25ad0097c01c74412fc5ed93', 'Afrizalya Pranandari Santoso', 1, 5, 1, 5, 5, 3, 3, 1, 4, 2, '4180467784', 'pranandari03@gmail.com', 'Ya'),
(225, 'chorry', '60cfa972ea8346a18ac3704e7cd616c6', 'Chorry Anggreini', 2, 1, 2, 1, 5, 2, 3, 1, 4, 2, '4180482085', 'anggreinichorry@gmail.com', 'Ya'),
(226, 'aprianto', 'e0e2fc9f60b300643b038b8348e2a8a8', 'Aprianto', 4, 1, 5, 1, 5, 1, 2, 1, 4, 2, '4180489361', 'apriantojung2604@gmail.com', 'Ya'),
(227, 'elsa', '835eaf71c5c6f6d59ca406fed5869c79', 'Elsa Claudia', 1, 1, 2, 1, 5, 5, 1, 1, 4, 1, '4180500814', 'elsaclaudia67@yahoo.mail', 'Ya'),
(228, 'muhammad_wahyudi', 'b4207f8df5841d01f00982deca2e563f', 'Muhammad Wahyudi', 2, 1, 2, 1, 5, 2, 1, 1, 4, 1, '4180504644', 'm.wahyudi2121@gmail.com', 'Ya'),
(229, 'afuwu', '2adf764239cce9d9152b0670bbbbb455', 'Afuwu Afriana', 2, 1, 1, 1, 5, 2, 1, 1, 4, 2, '4180514493', 'afuwuafriana00@gmail.com', 'Ya'),
(230, 'dewi_dwi', 'c35d871b8023d1f14b65e28d267049a8', 'Dewi Dwi Purwati', 3, 1, 5, 1, 5, 1, 3, 1, 3, 1, '4180532706', 'dewidwipurwati@gmail.com', 'Ya');

-- --------------------------------------------------------

--
-- Table structure for table `notifikasi`
--

CREATE TABLE `notifikasi` (
  `id_mahasiswa` int(5) NOT NULL,
  `pesan` text NOT NULL,
  `status` enum('Belum','Sudah') NOT NULL
) ENGINE=InnoDB DEFAULT CHARSET=latin1;

--
-- Dumping data for table `notifikasi`
--

INSERT INTO `notifikasi` (`id_mahasiswa`, `pesan`, `status`) VALUES
(106, 'tes', 'Sudah'),
(109, 'data pekerjaan tidak sesuai', 'Sudah'),
(111, 'apa', 'Sudah'),
(36, 'as', 'Sudah'),
(113, 'qwerty', 'Sudah'),
(114, 'aaaa', 'Sudah'),
(114, 'bbbb', 'Sudah'),
(5, 'kurang', 'Sudah'),
(127, 'tidak sesuai', 'Sudah'),
(130, 'siap', 'Sudah'),
(152, 'Data Pekerjaan Ibu tidak sesuai', 'Sudah'),
(136, 'data tidak sesuai', 'Sudah'),
(231, 'data penghasilan ibu tidak sesuai', 'Sudah'),
(146, 'Data Penghasilan Ayah yang anda masukkan tidak sesuai', 'Sudah');

-- --------------------------------------------------------

--
-- Table structure for table `parameter`
--

CREATE TABLE `parameter` (
  `id_parameter` int(11) NOT NULL,
  `kode_kriteria` varchar(10) NOT NULL,
  `interval_parameter` varchar(1000) NOT NULL,
  `skor` int(11) NOT NULL
) ENGINE=InnoDB DEFAULT CHARSET=latin1;

--
-- Dumping data for table `parameter`
--

INSERT INTO `parameter` (`id_parameter`, `kode_kriteria`, `interval_parameter`, `skor`) VALUES
(1, 'K03', 'Pejabat Tinggi Negara', 5),
(3, 'K03', 'Pensiunan PNS Gol III', 3),
(4, 'K03', 'Tamtama', 2),
(5, 'K03', 'Anak Yatim', 1),
(6, 'K03', 'Perawat', 4),
(7, 'K04', 'Pejabat Tinggi Negara', 5),
(8, 'K04', 'Perawat', 4),
(9, 'K04', 'PNS Gol II', 3),
(10, 'K04', 'Tamtama', 2),
(11, 'K04', 'Anak yatim', 1),
(12, 'K01', '>= Rp. 4.000.000,00', 5),
(13, 'K01', 'Rp. 2.000.001,00 s.d Rp. 3.999.999,00', 4),
(14, 'K01', 'Rp. 1.000.001,00 s.d Rp. 2.000.000,00', 3),
(15, 'K01', 'Rp. 500.001 s.d Rp. 1.000.000,00', 2),
(16, 'K01', '0 - Rp.500.000,00', 1),
(17, 'K02', '>= Rp. 4.000.000,00', 5),
(18, 'K02', 'Rp. 2.000.001 s.d Rp. 3.999.999,00', 4),
(19, 'K02', 'Rp. 1.000.001,00 s.d Rp. 2.000.000,00', 3),
(20, 'K02', 'Rp. 500.001,00 s.d Rp. 1.000.000', 2),
(21, 'K02', '0 - Rp. 500.000,00', 1),
(22, 'K09', 'Milik sendiri / Milik Orangtua / milik Wali', 4),
(23, 'K09', 'Rumah Dinas', 3),
(24, 'K09', 'Kontrak atau Sewa', 2),
(25, 'K09', 'Menumpang', 1),
(26, 'K10', 'Lebih dari Rp. 300.000,00', 5),
(27, 'K10', 'Rp. 100.001,00 s.d Rp. 300.000,00', 4),
(28, 'K10', 'Rp. 50.001,00 s.d Rp. 100.000,00', 3),
(29, 'K10', 'Rp. 1,00 s.d Rp. 50.000,00 ', 2),
(30, 'K10', 'Tidak Ada', 1),
(36, 'K07', '>= Rp. 600.000,00', 5),
(37, 'K07', 'Rp. 400.001,00 s.d Rp. 600.000,00', 4),
(38, 'K07', 'Rp. 200.001,00 s.d Rp. 400.000,00', 3),
(39, 'K07', 'Rp. 100.001,00 s.d Rp. 200.000,00', 2),
(40, 'K07', '<= Rp. 100.000 atau tidak memiliki kendaraan roda 2', 1),
(41, 'K08', 'Lebih dari Rp. 3.000.000,00', 5),
(42, 'K08', 'Rp. 2.000.001,00 s.d Rp. 3.000.000,00', 4),
(43, 'K08', 'Rp. 1.000.001,00 s.d Rp. 2.000.000,00', 3),
(44, 'K08', 'Rp. 250.001,00 s.d Rp. 1.000.000,00', 2),
(45, 'K08', 'Kurang dari sama dengan Rp. 250.000,00 atau tidak memiliki kendaraan roda 4', 1),
(46, 'K06', '2200 / >= Rp. 500.000,00', 5),
(47, 'K06', '1300 / Rp. 300.001,00 s.d Rp. 500.000,00', 4),
(48, 'K06', '900 / Rp. 150.001,00 s.d Rp. 300.000,00', 3),
(49, 'K06', '450 / Rp. 50.001,00 Rp. 150.000,00', 2),
(50, 'K06', 'Tidak Ada Listrik / <= Rp. 50.000,00', 1),
(51, 'K11', '<= 3 Orang', 5),
(53, 'K11', '6 - 8 Orang', 3),
(54, 'K11', '9 - 10 Orang', 2),
(61, 'K11', 'Lebih dari 10 Orang', 1),
(62, 'K11', '4-5 Orang', 4),
(63, 'K03', 'Rektor', 5),
(64, 'K03', 'Anggota Legislatif', 5),
(65, 'K03', 'Guru Besar', 5),
(66, 'K03', 'Dekan', 5),
(67, 'K03', ' Pensiunan PNS Gol I', 1),
(68, 'K03', 'PNS Gol III', 5),
(69, 'K03', 'Pengusaha Kecil', 5),
(70, 'K03', 'Perwira Tinggi', 5),
(71, 'K03', 'Kepala Daerah', 5),
(72, 'K03', 'Kepala Dinas', 5),
(73, 'K03', 'Pengacara', 5),
(74, 'K03', 'Komisaris', 5),
(75, 'K03', 'PNS Gol IV', 5),
(76, 'K03', 'Karyawan BANK', 5),
(77, 'K03', 'Karyawan BUMN/BUMD', 5),
(78, 'K03', 'Lurah/Kepala Desa', 5),
(79, 'K03', 'Bidan', 5),
(80, 'K03', 'Kapala Bagian', 5),
(82, 'K03', 'Masinis', 4),
(83, 'K03', 'Kepala Urusan', 4),
(84, 'K03', 'Kepala Seksi', 4),
(85, 'K03', 'Bintara', 4),
(86, 'K03', 'Pensiunan PNS Gol IV', 3),
(87, 'K03', 'Anak Buah Kapal', 3),
(88, 'K03', 'PNS Golongan II', 3),
(89, 'K03', 'PNS Gol I', 2),
(90, 'K03', 'Pensiunan PNS Gol II', 2),
(92, 'K03', 'Petani', 2),
(93, 'K03', 'Satpam', 2),
(94, 'K03', 'Supir Kendaraan Umum', 2),
(95, 'K03', 'Tukang', 2),
(96, 'K03', 'Nelayan', 2),
(97, 'K03', 'Ibu Rumah Tangga', 1),
(98, 'K03', 'Kuli Bangunan', 1),
(99, 'K03', 'Tukang Parkir', 1),
(100, 'K03', 'Buruh Tani', 1),
(101, 'K03', 'Tukang Becak', 1),
(102, 'K03', 'Pedagang Kaki Lima', 1),
(103, 'K03', 'Pembantu Rumah Tangga', 1),
(104, 'K03', 'Buruh/pelayan', 1),
(105, 'K03', 'Cleaning Sevice', 1),
(106, 'K03', 'Pemulung', 1),
(107, 'K04', 'Rektor', 5),
(108, 'K04', 'Anggota Legislatif', 5),
(109, 'K04', 'Guru Besar', 5),
(110, 'K04', 'Perwira Tinggi', 5),
(111, 'K04', 'Profesional', 5),
(112, 'K04', 'Pejabat Eselon I', 5),
(113, 'K04', 'Kepala Daerah', 5),
(114, 'K04', 'Penguasa Besar dan Menengah', 5),
(115, 'K04', 'Direksi Perusahaan', 5),
(116, 'K04', 'Manajer', 5),
(117, 'K04', 'Dokter Spesialis', 5),
(118, 'K04', 'Pengacara', 5),
(119, 'K04', 'Komisaris', 5),
(120, 'K04', 'Pejabat Eselon II', 5),
(121, 'K04', 'Dekan', 5),
(122, 'K04', 'Kepala Biro', 5),
(123, 'K04', 'Kepala Badan', 5),
(124, 'K04', 'Asisten Manajer', 5),
(125, 'K04', 'Kepala Dinas', 5),
(126, 'K04', 'Perwira Menengah', 5),
(127, 'K04', 'Pengusaha Kecil', 5),
(128, 'K04', 'Pilot', 5),
(129, 'K04', 'Nakhoda Kapal', 5),
(130, 'K04', 'Pejabat Eselon III', 5),
(131, 'K04', 'Supervisor', 5),
(132, 'K04', 'Kepala Bagian', 5),
(133, 'K04', 'PNS Gol IV', 5),
(134, 'K04', 'Camat', 5),
(135, 'K04', 'Perwira Pertama', 5),
(136, 'K04', 'Pengusaha Mikro', 5),
(137, 'K04', 'Karyawan BUMN/BUMD', 5),
(138, 'K04', 'Karyawan BANK', 5),
(139, 'K03', 'Karyawan Swasta', 5),
(140, 'K04', 'Karyawan Swasta', 5),
(141, 'K04', 'Masinis', 4),
(142, 'K04', 'Kepala Urusan', 4),
(143, 'K04', 'Kepala Seksi', 4),
(144, 'K04', 'Bintara', 4),
(145, 'K04', 'pensiunan PNS Gol III', 3),
(146, 'K04', 'Pensiunan PNS Gol IV', 3),
(147, 'K04', 'Anak Buah Kapal', 3),
(148, 'K04', 'PNS Gol I', 2),
(149, 'K04', 'Pensiunan PNS Gol II', 2),
(150, 'K04', 'Pengemudi/Supir', 2),
(151, 'K04', 'Petani', 2),
(152, 'K04', 'Satpam', 2),
(153, 'K04', 'Supir Kendaraan Umum', 2),
(154, 'K04', 'Tukang', 2),
(155, 'K04', 'Nelayan', 2),
(156, 'K04', 'Ibu Rumah Tangga', 1),
(157, 'K04', 'Kuli Bangunan', 1),
(158, 'K04', 'Tukang Parkir', 1),
(159, 'K04', 'Buruh Tani', 1),
(160, 'K04', 'Tukang Becak', 1),
(161, 'K04', 'pensiunan PNS Gol I', 1),
(162, 'K04', 'Pedagang Kaki Lima', 1),
(163, 'K04', 'Pembantu Rumah Tangga', 1),
(164, 'K04', 'Buruh/Pelayan', 1),
(165, 'K04', 'Cleaning Service', 1),
(166, 'K04', 'Pemulung', 1),
(167, 'K03', 'Profesional', 5),
(168, 'K03', 'Pejabat Eselon I', 5),
(169, 'K03', 'Pengusaha Besar dan Menengah', 5),
(170, 'K03', 'Direksi Perusahaan', 5),
(171, 'K03', 'Manajer', 5),
(172, 'K03', 'Dokter Spesialis', 5),
(173, 'K03', 'Pejabat Eselon II', 5),
(174, 'K03', 'Kepala Biro', 5),
(175, 'K03', 'Kepala Badan', 5),
(176, 'K03', 'Asisten Manajer', 5),
(177, 'K03', 'Perwira Menengah', 5),
(178, 'K03', 'Pilot', 5),
(179, 'K03', 'Nahkoda Kapal', 5),
(180, 'K03', 'Pejabat Eselon III', 5),
(181, 'K03', 'Supervisor', 5),
(182, 'K03', 'Camat', 5),
(183, 'K03', 'Perwira Pertama', 5),
(184, 'K03', 'Pengusaha Mikro', 5),
(185, 'K03', 'Pejabat Eselon IV', 5),
(186, 'K03', 'Bintara Tinggi', 5),
(187, 'K03', 'Kepala Subbagian', 5),
(188, 'K03', 'Anak Piatu', 1),
(189, 'K03', 'Tidak Bekerja', 1),
(190, 'K03', 'Pensiunan BUMN/BUMD', 3),
(191, 'K04', 'Pejabat Eselon IV', 5),
(192, 'K04', 'Bintara Tinggi', 5),
(193, 'K04', 'Kepala Subbagian', 5),
(194, 'K04', 'PNS Golongan III', 5),
(195, 'K04', 'Lurah/Kepala Desa', 5),
(196, 'K04', 'Bidan', 5),
(197, 'K04', 'Anak Piatu', 1),
(198, 'K04', 'Tidak Bekerja', 1),
(199, 'K04', 'Pensiunan BUMN/BUMD', 3),
(200, 'K05', '<=3 Orang', 5),
(201, 'K05', '4 - 5 Orang', 4),
(202, 'K05', '6-8 Orang', 3),
(203, 'K05', '9 - 10 Orang', 2),
(204, 'K05', '>10 Orang', 1),
(205, 'K03', 'Pengemudi', 2);

-- --------------------------------------------------------

--
-- Table structure for table `uji_ukt`
--

CREATE TABLE `uji_ukt` (
  `id` int(11) NOT NULL,
  `id_mahasiswa` int(11) NOT NULL,
  `kelompok` int(11) NOT NULL,
  `nama_mahasiswa` varchar(50) NOT NULL,
  `nilai_total` float NOT NULL
) ENGINE=InnoDB DEFAULT CHARSET=latin1;

--
-- Dumping data for table `uji_ukt`
--

INSERT INTO `uji_ukt` (`id`, `id_mahasiswa`, `kelompok`, `nama_mahasiswa`, `nilai_total`) VALUES
(1, 206, 1, 'Ika Tamara Putri', 0.924161),
(2, 168, 1, 'Rinta Cahyani', 0.900515),
(3, 146, 1, 'Retno', 0.881069),
(4, 159, 1, 'Hanifah', 0.881069),
(5, 229, 1, 'Afuwu Afriana', 0.881069),
(6, 180, 2, 'Winny Chindrianti', 0.881069),
(7, 145, 3, 'Hilza Syahdini', 0.857097),
(8, 192, 3, 'Aulia Nurul Hasanah', 0.857097),
(9, 211, 3, 'Jakaria', 0.857097),
(10, 225, 2, 'Chorry Anggreini', 0.857097),
(11, 228, 2, 'Muhammad Wahyudi', 0.857097),
(12, 131, 2, 'Shella Mida Juniarti', 0.857097),
(13, 132, 2, 'Utin Marisa', 0.857097),
(14, 156, 3, 'Muhammad Rizki', 0.850545),
(15, 154, 3, 'Muhammad Wildan', 0.848695),
(16, 204, 3, 'Titania Nefi Putri', 0.846323),
(17, 220, 3, 'Nadya Syifa Alfikri', 0.846323),
(18, 186, 3, 'Teofilius Sintan', 0.844603),
(19, 202, 3, 'Tirta Prayoga', 0.827113),
(20, 212, 3, 'Theo Yoyo', 0.827113),
(21, 184, 3, 'Yuni Ardianti', 0.82611),
(22, 128, 3, 'Monika Whindasari T.', 0.820279),
(23, 137, 3, 'Retry Asykurani Abdillah', 0.819172),
(24, 185, 3, 'Rahmi Fadhillah', 0.784503),
(25, 223, 3, 'Septian Surya Pratama', 0.779358),
(26, 209, 3, 'Wendy Kristianto', 0.778271),
(27, 191, 3, 'Vridolin Vicry', 0.776577),
(28, 227, 3, 'Elsa Claudia', 0.776495),
(29, 155, 3, 'Sri Wahyuni', 0.769613),
(30, 196, 3, 'Vera Magdalena', 0.764522),
(31, 187, 3, 'Septiana', 0.749717),
(32, 200, 3, 'Septia Miranti', 0.73939),
(33, 127, 3, 'Mahendra', 0.73939),
(34, 195, 3, 'Sindi Aprianti', 0.735637),
(35, 194, 3, 'Siti Rahayu', 0.732079),
(36, 188, 3, 'Khaerunnisa Nur Eka Dyah Oktaviani', 0.726223),
(37, 189, 3, 'Endang', 0.723255),
(38, 172, 3, 'Evi Nopita Sari', 0.723255),
(39, 142, 3, 'Yola Oktavia', 0.716316),
(40, 151, 3, 'Listiawati', 0.713482),
(41, 163, 3, 'Adrianus Domi', 0.708765),
(42, 153, 3, 'Firdha Kusuma Wulandari', 0.698598),
(43, 147, 3, 'Pipit Kusmayanti', 0.696903),
(44, 164, 3, 'Dendy Mulyajaya', 0.682949),
(45, 230, 3, 'Dewi Dwi Purwati', 0.681617),
(46, 130, 3, 'Riski Latifah', 0.671874),
(47, 134, 3, 'Alphi Praja Andika', 0.663289),
(48, 203, 3, 'Khaisya Febrianti', 0.663228),
(49, 193, 3, 'Salsabila Harmawanda', 0.646348),
(50, 226, 3, 'Aprianto', 0.640686),
(51, 190, 3, 'Yanda Annisa Putri', 0.633716),
(52, 167, 3, 'Ranny Prastika', 0.633716),
(53, 217, 3, 'Dewi Natalie', 0.633716),
(54, 136, 3, 'Putri Balqis Alghozali', 0.633716),
(55, 148, 3, 'Syarif Umar Faezal', 0.631289),
(56, 170, 3, 'Chelse Dwi Apriyana Tamba', 0.623867),
(57, 183, 3, 'Okhari Kafriandeni', 0.61898),
(58, 135, 3, 'Asterina', 0.611806),
(59, 144, 3, 'Desi Suryaningsih', 0.611806),
(60, 143, 3, 'Yuli Ayu Nursinta', 0.609415),
(61, 182, 3, 'Putri Safrilia', 0.60191),
(62, 157, 3, 'Delina Widiyanti', 0.600848),
(63, 210, 3, 'Silfiansyah Akbar', 0.600848),
(64, 165, 3, 'Hansen Alexander Rustan', 0.598393),
(65, 138, 3, 'Sri Harsita', 0.598393),
(66, 161, 3, 'Reza Primurdany', 0.594113),
(67, 214, 3, 'Nadia Adiningsih', 0.585554),
(68, 205, 3, 'Sri Eka Indriani', 0.585554),
(69, 213, 3, 'Didiek Sugandi', 0.585554),
(70, 149, 3, 'Veronika Pitri', 0.583329),
(71, 133, 3, 'Widia Dwi Cahyanti', 0.578837),
(72, 140, 3, 'Maura Aulia Finirsa', 0.57563),
(73, 216, 3, 'Rifky Nugraha Utama', 0.57563),
(74, 160, 3, 'Melinia Febriyanti', 0.57563),
(75, 197, 3, 'Ummu Safa Salsabila', 0.57563),
(76, 221, 3, 'Bunga Aprilianti', 0.573417),
(77, 222, 3, 'Cindy Priscilla H', 0.570475),
(78, 150, 3, 'Ya Muhammad Arsyad', 0.564913),
(79, 218, 3, 'Silvia Khairani', 0.54528),
(80, 171, 3, 'Clara Vista Magdalena Sihombin', 0.528942),
(81, 158, 3, 'Dimas Aji Nugroho', 0.531147),
(82, 166, 3, 'Nurul Baiti', 0.518213),
(83, 201, 3, 'Leo Kristanto Tri Nugroho', 0.479957),
(84, 162, 3, 'Tasha Safira Putri', 0.470725),
(85, 174, 3, 'Junita', 0.460788),
(86, 139, 3, 'Bahrian Kuncoro Aji', 0.454139),
(87, 199, 4, 'Teti Amalia Novianti', 0.270003),
(88, 224, 3, 'Afrizalya Pranandari Santoso', 0.419741),
(89, 141, 4, 'Erine Aqrelia', 0.393457),
(90, 208, 4, 'Rezky Ramadhani', 0.362364),
(91, 179, 4, 'Tan Ade Indra Satria', 0.26588),
(92, 177, 4, 'Rido Amarrullah', 0.265695),
(93, 207, 4, 'Vini Angria', 0.263353),
(94, 175, 4, 'Nur Addina Putri', 0.235442),
(95, 178, 5, 'Siti Dwi Purwanti', 0.183853),
(96, 152, 5, 'Al Asma', 0.17395),
(97, 173, 5, 'Hastri Sastia Wuri', 0.161535),
(98, 169, 5, 'Yasa Khalqiah', 0.145871),
(99, 129, 5, 'Muhammad Sunariya', 0.142456),
(100, 176, 5, 'Rahmanita Febrianti Rusmaningtyas', 0.106166);

-- --------------------------------------------------------

--
-- Table structure for table `verifikator`
--

CREATE TABLE `verifikator` (
  `id_verifikator` int(3) NOT NULL,
  `nama` varchar(255) NOT NULL,
  `nip` varchar(255) NOT NULL
) ENGINE=InnoDB DEFAULT CHARSET=latin1;

--
-- Dumping data for table `verifikator`
--

INSERT INTO `verifikator` (`id_verifikator`, `nama`, `nip`) VALUES
(4, 'verifikator', '25f9e794323b453885f5181f1b624d0b');

--
-- Indexes for dumped tables
--

--
-- Indexes for table `admin`
--
ALTER TABLE `admin`
  ADD PRIMARY KEY (`id_admin`);

--
-- Indexes for table `cek_verifikasi`
--
ALTER TABLE `cek_verifikasi`
  ADD PRIMARY KEY (`id`);

--
-- Indexes for table `kriteria`
--
ALTER TABLE `kriteria`
  ADD PRIMARY KEY (`id_kriteria`);

--
-- Indexes for table `mahasiswa`
--
ALTER TABLE `mahasiswa`
  ADD PRIMARY KEY (`id_mahasiswa`);

--
-- Indexes for table `parameter`
--
ALTER TABLE `parameter`
  ADD PRIMARY KEY (`id_parameter`);

--
-- Indexes for table `uji_ukt`
--
ALTER TABLE `uji_ukt`
  ADD PRIMARY KEY (`id`);

--
-- Indexes for table `verifikator`
--
ALTER TABLE `verifikator`
  ADD PRIMARY KEY (`id_verifikator`);

--
-- AUTO_INCREMENT for dumped tables
--

--
-- AUTO_INCREMENT for table `admin`
--
ALTER TABLE `admin`
  MODIFY `id_admin` int(11) NOT NULL AUTO_INCREMENT, AUTO_INCREMENT=2;

--
-- AUTO_INCREMENT for table `cek_verifikasi`
--
ALTER TABLE `cek_verifikasi`
  MODIFY `id` int(11) NOT NULL AUTO_INCREMENT, AUTO_INCREMENT=1007;

--
-- AUTO_INCREMENT for table `kriteria`
--
ALTER TABLE `kriteria`
  MODIFY `id_kriteria` int(11) NOT NULL AUTO_INCREMENT, AUTO_INCREMENT=32;

--
-- AUTO_INCREMENT for table `mahasiswa`
--
ALTER TABLE `mahasiswa`
  MODIFY `id_mahasiswa` int(11) NOT NULL AUTO_INCREMENT, AUTO_INCREMENT=231;

--
-- AUTO_INCREMENT for table `parameter`
--
ALTER TABLE `parameter`
  MODIFY `id_parameter` int(11) NOT NULL AUTO_INCREMENT, AUTO_INCREMENT=206;

--
-- AUTO_INCREMENT for table `uji_ukt`
--
ALTER TABLE `uji_ukt`
  MODIFY `id` int(11) NOT NULL AUTO_INCREMENT, AUTO_INCREMENT=101;

--
-- AUTO_INCREMENT for table `verifikator`
--
ALTER TABLE `verifikator`
  MODIFY `id_verifikator` int(3) NOT NULL AUTO_INCREMENT, AUTO_INCREMENT=5;
COMMIT;

/*!40101 SET CHARACTER_SET_CLIENT=@OLD_CHARACTER_SET_CLIENT */;
/*!40101 SET CHARACTER_SET_RESULTS=@OLD_CHARACTER_SET_RESULTS */;
/*!40101 SET COLLATION_CONNECTION=@OLD_COLLATION_CONNECTION */;
