-- phpMyAdmin SQL Dump
-- version 4.7.9
-- https://www.phpmyadmin.net/
--
-- Host: 127.0.0.1
-- Generation Time: Apr 13, 2018 at 12:22 PM
-- Server version: 10.1.31-MariaDB
-- PHP Version: 7.0.28

SET SQL_MODE = "NO_AUTO_VALUE_ON_ZERO";
SET AUTOCOMMIT = 0;
START TRANSACTION;
SET time_zone = "+00:00";


/*!40101 SET @OLD_CHARACTER_SET_CLIENT=@@CHARACTER_SET_CLIENT */;
/*!40101 SET @OLD_CHARACTER_SET_RESULTS=@@CHARACTER_SET_RESULTS */;
/*!40101 SET @OLD_COLLATION_CONNECTION=@@COLLATION_CONNECTION */;
/*!40101 SET NAMES utf8mb4 */;

--
-- Database: `ukt`
--

-- --------------------------------------------------------

--
-- Table structure for table `admin`
--

CREATE TABLE `admin` (
  `id_admin` int(11) NOT NULL,
  `nama_admin` varchar(255) NOT NULL,
  `username` varchar(255) NOT NULL,
  `password` varchar(255) NOT NULL
) ENGINE=InnoDB DEFAULT CHARSET=latin1;

--
-- Dumping data for table `admin`
--

INSERT INTO `admin` (`id_admin`, `nama_admin`, `username`, `password`) VALUES
(1, 'Mia', 'admin', '21232f297a57a5a743894a0e4a801fc3');

-- --------------------------------------------------------

--
-- Table structure for table `kelompok_ukt`
--

CREATE TABLE `kelompok_ukt` (
  `id_mahasiswa` int(5) NOT NULL,
  `nama_mahasiswa` varchar(50) NOT NULL,
  `kelompok` int(2) NOT NULL
) ENGINE=InnoDB DEFAULT CHARSET=latin1;

--
-- Dumping data for table `kelompok_ukt`
--

INSERT INTO `kelompok_ukt` (`id_mahasiswa`, `nama_mahasiswa`, `kelompok`) VALUES
(27, 'Christi Vera Junisa Surbakti', 3),
(28, 'Mislaini', 2),
(29, 'Rina Karmila', 2),
(30, 'Rizky', 2),
(31, 'Dwita Annuru Aryani', 3),
(32, 'Rana Aulia Riyanti', 3),
(33, 'Tegar Muhammad Taufik', 2),
(34, 'Hani Alfiyani', 5),
(35, 'Wika Dewani', 3),
(36, 'Berta Juniarty Antomy', 3),
(37, 'Ziat Ferdi', 3),
(38, 'Fiona Aulia', 3),
(39, 'Fauziah Ababil', 5),
(40, 'Arif Sulaiman', 5),
(41, 'FIKRI YUDISTIRA EKA PRAJA UNTARTO', 3),
(42, 'Candra Sugito', 3),
(43, 'Nelly Novianti', 5),
(44, 'Ratih Ajeng Pramesti', 3),
(45, 'Mayana', 1),
(46, 'Hazlina', 3),
(47, 'Ilham Lazuardy Arief', 3),
(48, 'Anissa Purastika', 5),
(49, 'Satria Eko Fransisko', 3),
(50, 'Devi Novita Sari', 3),
(51, 'Nurul Nur Aini', 3),
(52, 'Sinta Anggreani', 3),
(53, 'SUCI JUNIANTI', 3),
(54, 'Dandi Mulyana', 3),
(55, 'Afrio Dwi Kurniawan', 3),
(56, 'Trianny Syantikha', 3),
(57, 'POSMA ANDERSON PANDIANGAN', 3),
(58, 'ZUBAIR RASYID HS', 3),
(59, 'Adhetya putra perdana', 5),
(60, 'Siti Aminah', 3),
(61, 'Solihin', 3),
(62, 'Arief Rahman', 3),
(63, 'Mayuni', 3),
(64, 'Indrawan Batolomius', 3),
(65, 'Novita Indah Saputri', 3),
(66, 'Delvi triana', 3),
(67, 'Suli maulina', 3),
(68, 'RIDHA ASH SIDDIQY', 3),
(69, 'Mario Andika Tri Putra', 3),
(70, 'Nurlela M', 3),
(71, 'Rino Anugra Putra', 3),
(72, 'Akbar Ahmed mubarok', 5),
(73, 'Nurul Hidayati', 5),
(74, 'Husna Ningsih', 3),
(75, 'Dhea Trinandya Wijayanti', 3),
(76, 'Gilang Habibie', 3),
(77, 'Riani Mahalalita', 3),
(78, 'Wilda Ariani', 4),
(79, 'Ovi Indah Afriani', 3),
(80, 'Dwi Maryati', 3),
(81, 'Syafrizal Sodikin', 3),
(82, 'Hayati', 3),
(83, 'Mila Damayanti', 5),
(84, 'Kwirinus Rio Kusuma', 3),
(85, 'Elda Sari', 3),
(86, 'Mizi Oktari', 3),
(87, 'MUHAMMAD ARIEF TRI PRAYOGI', 5),
(88, 'Sella Purwasi', 3),
(89, 'Armanto', 3),
(90, 'Disca Fatriyanti', 3),
(91, 'Julizar', 3),
(92, 'Muhammad Arief Tri Prayogi', 5),
(93, 'Dewi Kartika Putri', 5),
(94, 'Maulana Basuki Ilham', 3),
(95, 'Syifa Qurattal Aini', 3),
(96, 'Raveena Cindy Azwari', 3),
(97, 'Edwin Rianto', 3),
(98, 'Viva Gamma Liecharlie', 3),
(99, 'Sri Wahyuni', 3),
(100, 'Suci Riska Putri', 3),
(101, 'Diki Ipan', 3),
(102, 'Novia Kristefany kabang', 3),
(103, 'Sarah Aljona', 3),
(104, 'Ratu Juwita', 3),
(106, 'yyy', 5),
(105, 'rini', 5);

-- --------------------------------------------------------

--
-- Table structure for table `kriteria`
--

CREATE TABLE `kriteria` (
  `id_kriteria` int(11) NOT NULL,
  `nama_kriteria` varchar(255) NOT NULL,
  `kode_kriteria` varchar(255) NOT NULL,
  `ranking_kriteria` int(11) NOT NULL
) ENGINE=InnoDB DEFAULT CHARSET=latin1;

--
-- Dumping data for table `kriteria`
--

INSERT INTO `kriteria` (`id_kriteria`, `nama_kriteria`, `kode_kriteria`, `ranking_kriteria`) VALUES
(3, 'Pekerjaan Ibu', 'K02', 9),
(4, 'Penghasilan Ayah', 'K03', 1),
(6, 'Penghasilan Ibu', 'K04', 2),
(7, 'Status Rumah', 'K05', 10),
(8, 'PBB (Pajak Bumi Bangunan)', 'K06', 7),
(9, 'Rekening Listrik', 'K07', 4),
(10, 'Pajak Kendaraan Roda 2', 'K08', 5),
(11, 'Pajak Kendaraan Roda 4', 'K09', 6),
(12, 'Daya Listrik', 'K10', 11),
(26, 'Jumlah Tanggungan Orang Tua', 'K11', 3),
(27, 'Pekerjaan Ayah', 'K01', 8);

-- --------------------------------------------------------

--
-- Table structure for table `lampiran_mahasiswa`
--

CREATE TABLE `lampiran_mahasiswa` (
  `id_mahasiswa` int(5) NOT NULL,
  `nama_mahasiswa` varchar(100) NOT NULL,
  `kode_kriteria` varchar(3) NOT NULL,
  `nama_file` varchar(1000) NOT NULL
) ENGINE=InnoDB DEFAULT CHARSET=latin1;

--
-- Dumping data for table `lampiran_mahasiswa`
--

INSERT INTO `lampiran_mahasiswa` (`id_mahasiswa`, `nama_mahasiswa`, `kode_kriteria`, `nama_file`) VALUES
(21, 'Nurul Basyiroh', 'K01', 'DFD 1 baru banget.png'),
(21, 'Nurul Basyiroh', 'K02', 'DFD 1 baru banget.png'),
(21, 'Nurul Basyiroh', 'K03', 'DFD 1 baru.png'),
(21, 'Nurul Basyiroh', 'K04', 'DFD 1 baru tolen.png'),
(21, 'Nurul Basyiroh', 'K05', 'DFD 1 baru.png'),
(21, 'Nurul Basyiroh', 'K06', 'DFD 1 baru banget.png'),
(21, 'Nurul Basyiroh', 'K07', 'DFD 2 1 (2).png'),
(21, 'Nurul Basyiroh', 'K08', 'DFD 1 baru tolen.png'),
(21, 'Nurul Basyiroh', 'K09', 'DFD 2 1 (2).png'),
(21, 'Nurul Basyiroh', 'K10', 'DFD 1 baru tolen.png'),
(21, 'Nurul Basyiroh', 'K11', 'DFD 1 baru.png'),
(22, 'Tri Puji', 'K01', 'DFD 1 baru banget.png'),
(22, 'Tri Puji', 'K02', 'DFD 1 baru banget.png'),
(22, 'Tri Puji', 'K03', 'DFD 1 baru tolen.png'),
(22, 'Tri Puji', 'K04', 'DFD 1 baru.png'),
(22, 'Tri Puji', 'K05', 'DFD 1 baru.png'),
(22, 'Tri Puji', 'K06', 'DFD 1 baru.png'),
(22, 'Tri Puji', 'K07', 'DFD 1 baru tolen.png'),
(22, 'Tri Puji', 'K08', 'DFD 1 baru banget TERBARU.png'),
(22, 'Tri Puji', 'K09', 'DFD 1 baru.png'),
(22, 'Tri Puji', 'K10', 'DFD 1 baru tolen.png'),
(22, 'Tri Puji', 'K11', 'DFD 2 1 (2).png'),
(28, 'Mislaini', 'K01', 'WhatsApp Image 2017-08-29 at 09.35.28.jpeg'),
(28, 'Mislaini', 'K02', 'WhatsApp Image 2017-08-29 at 09.35.41.jpeg'),
(28, 'Mislaini', 'K03', 'WhatsApp Image 2017-08-29 at 09.36.07.jpeg'),
(28, 'Mislaini', 'K04', 'WhatsApp Image 2017-08-31 at 10.54.12.jpeg'),
(28, 'Mislaini', 'K05', 'WhatsApp Image 2017-08-29 at 09.35.28.jpeg'),
(28, 'Mislaini', 'K06', 'WhatsApp Image 2017-08-29 at 09.36.07.jpeg'),
(28, 'Mislaini', 'K07', 'WhatsApp Image 2017-08-29 at 09.36.07.jpeg'),
(28, 'Mislaini', 'K08', 'WhatsApp Image 2017-08-31 at 10.54.12.jpeg'),
(28, 'Mislaini', 'K09', 'WhatsApp Image 2017-08-29 at 09.35.28.jpeg'),
(28, 'Mislaini', 'K10', 'WhatsApp Image 2017-08-29 at 09.36.07.jpeg'),
(28, 'Mislaini', 'K11', 'WhatsApp Image 2017-08-29 at 09.35.41.jpeg'),
(27, 'Christi Vera Junisa Surbakti', 'K01', 'WhatsApp Image 2017-08-29 at 09.35.41.jpeg'),
(27, 'Christi Vera Junisa Surbakti', 'K02', 'WhatsApp Image 2017-08-29 at 09.35.28.jpeg'),
(27, 'Christi Vera Junisa Surbakti', 'K03', 'WhatsApp Image 2017-08-31 at 10.54.12.jpeg'),
(27, 'Christi Vera Junisa Surbakti', 'K04', 'WhatsApp Image 2017-08-29 at 09.36.07.jpeg'),
(27, 'Christi Vera Junisa Surbakti', 'K05', 'WhatsApp Image 2017-08-29 at 09.36.07.jpeg'),
(27, 'Christi Vera Junisa Surbakti', 'K06', 'WhatsApp Image 2017-08-29 at 09.35.41.jpeg'),
(27, 'Christi Vera Junisa Surbakti', 'K07', 'WhatsApp Image 2017-08-29 at 09.36.07.jpeg'),
(27, 'Christi Vera Junisa Surbakti', 'K08', 'WhatsApp Image 2017-08-29 at 09.36.07.jpeg'),
(27, 'Christi Vera Junisa Surbakti', 'K09', 'WhatsApp Image 2017-08-29 at 09.35.41.jpeg'),
(27, 'Christi Vera Junisa Surbakti', 'K10', 'WhatsApp Image 2017-08-29 at 09.35.41.jpeg'),
(27, 'Christi Vera Junisa Surbakti', 'K11', 'WhatsApp Image 2017-08-29 at 09.35.28.jpeg'),
(29, 'Rina Karmila', 'K01', 'WhatsApp Image 2017-08-29 at 09.35.28.jpeg'),
(29, 'Rina Karmila', 'K02', 'WhatsApp Image 2017-08-29 at 09.36.07.jpeg'),
(29, 'Rina Karmila', 'K03', 'WhatsApp Image 2017-08-29 at 09.35.41.jpeg'),
(29, 'Rina Karmila', 'K04', 'WhatsApp Image 2017-08-29 at 09.36.07.jpeg'),
(29, 'Rina Karmila', 'K05', 'WhatsApp Image 2017-08-29 at 09.35.41.jpeg'),
(29, 'Rina Karmila', 'K06', 'WhatsApp Image 2017-08-29 at 09.35.41.jpeg'),
(29, 'Rina Karmila', 'K07', 'WhatsApp Image 2017-08-29 at 09.35.41.jpeg'),
(29, 'Rina Karmila', 'K08', 'WhatsApp Image 2017-08-29 at 09.36.07.jpeg'),
(29, 'Rina Karmila', 'K09', 'WhatsApp Image 2017-08-29 at 09.35.28.jpeg'),
(29, 'Rina Karmila', 'K10', 'WhatsApp Image 2017-08-29 at 09.35.28.jpeg'),
(29, 'Rina Karmila', 'K11', 'WhatsApp Image 2017-08-31 at 10.54.12.jpeg'),
(30, 'Rizky', 'K01', 'WhatsApp Image 2017-08-31 at 10.54.12.jpeg'),
(30, 'Rizky', 'K02', 'WhatsApp Image 2017-08-29 at 09.36.07.jpeg'),
(30, 'Rizky', 'K03', 'WhatsApp Image 2017-08-29 at 09.35.28.jpeg'),
(30, 'Rizky', 'K04', 'WhatsApp Image 2017-08-29 at 09.36.07.jpeg'),
(30, 'Rizky', 'K05', 'WhatsApp Image 2017-08-29 at 09.36.07.jpeg'),
(30, 'Rizky', 'K06', 'WhatsApp Image 2017-08-29 at 09.36.07.jpeg'),
(30, 'Rizky', 'K07', 'WhatsApp Image 2017-08-31 at 10.54.12.jpeg'),
(30, 'Rizky', 'K08', 'WhatsApp Image 2017-08-29 at 09.36.07.jpeg'),
(30, 'Rizky', 'K09', 'WhatsApp Image 2017-08-29 at 09.35.41.jpeg'),
(30, 'Rizky', 'K10', 'WhatsApp Image 2017-08-29 at 09.35.41.jpeg'),
(30, 'Rizky', 'K11', 'WhatsApp Image 2017-08-29 at 09.35.28.jpeg'),
(31, 'Dwita Annuru Aryani', 'K01', 'WhatsApp Image 2017-08-29 at 09.35.28.jpeg'),
(31, 'Dwita Annuru Aryani', 'K02', 'WhatsApp Image 2017-08-29 at 09.35.41.jpeg'),
(31, 'Dwita Annuru Aryani', 'K03', 'WhatsApp Image 2017-08-29 at 09.36.07.jpeg'),
(31, 'Dwita Annuru Aryani', 'K04', 'WhatsApp Image 2017-08-31 at 10.54.12.jpeg'),
(31, 'Dwita Annuru Aryani', 'K05', 'WhatsApp Image 2017-08-29 at 09.35.28.jpeg'),
(31, 'Dwita Annuru Aryani', 'K06', 'WhatsApp Image 2017-08-29 at 09.35.41.jpeg'),
(31, 'Dwita Annuru Aryani', 'K07', 'WhatsApp Image 2017-08-31 at 10.54.12.jpeg'),
(31, 'Dwita Annuru Aryani', 'K08', 'WhatsApp Image 2017-08-29 at 09.35.41.jpeg'),
(31, 'Dwita Annuru Aryani', 'K09', 'WhatsApp Image 2017-08-29 at 09.36.07.jpeg'),
(31, 'Dwita Annuru Aryani', 'K10', 'WhatsApp Image 2017-08-31 at 10.54.12.jpeg'),
(31, 'Dwita Annuru Aryani', 'K11', 'WhatsApp Image 2017-08-29 at 09.35.41.jpeg'),
(32, 'Rana Aulia Riyanti', 'K01', 'WhatsApp Image 2017-08-29 at 09.35.28.jpeg'),
(32, 'Rana Aulia Riyanti', 'K02', 'WhatsApp Image 2017-08-29 at 09.35.41.jpeg'),
(32, 'Rana Aulia Riyanti', 'K03', 'WhatsApp Image 2017-08-29 at 09.36.07.jpeg'),
(32, 'Rana Aulia Riyanti', 'K04', 'WhatsApp Image 2017-08-31 at 10.54.12.jpeg'),
(32, 'Rana Aulia Riyanti', 'K05', 'WhatsApp Image 2017-08-29 at 09.36.07.jpeg'),
(32, 'Rana Aulia Riyanti', 'K06', 'WhatsApp Image 2017-08-29 at 09.35.41.jpeg'),
(32, 'Rana Aulia Riyanti', 'K07', 'WhatsApp Image 2017-08-29 at 09.36.07.jpeg'),
(32, 'Rana Aulia Riyanti', 'K08', 'WhatsApp Image 2017-08-29 at 09.36.07.jpeg'),
(32, 'Rana Aulia Riyanti', 'K09', 'WhatsApp Image 2017-08-29 at 09.36.07.jpeg'),
(32, 'Rana Aulia Riyanti', 'K10', 'WhatsApp Image 2017-08-29 at 09.36.07.jpeg'),
(32, 'Rana Aulia Riyanti', 'K11', 'WhatsApp Image 2017-08-31 at 10.54.12.jpeg'),
(33, 'Tegar Muhammad Taufik', 'K01', '6111ed24-1bd7-4d77-8c57-b588095cfb0b.jpg'),
(33, 'Tegar Muhammad Taufik', 'K02', '6111ed24-1bd7-4d77-8c57-b588095cfb0b.jpg'),
(33, 'Tegar Muhammad Taufik', 'K03', '6111ed24-1bd7-4d77-8c57-b588095cfb0b.jpg'),
(33, 'Tegar Muhammad Taufik', 'K04', '6111ed24-1bd7-4d77-8c57-b588095cfb0b.jpg'),
(33, 'Tegar Muhammad Taufik', 'K05', 'a52f7465-a436-43c0-bad9-53914f139eed.jpg'),
(33, 'Tegar Muhammad Taufik', 'K06', '56cb73f3-3364-441b-8c8f-6de27256480b.jpg'),
(33, 'Tegar Muhammad Taufik', 'K07', 'a52f7465-a436-43c0-bad9-53914f139eed.jpg'),
(33, 'Tegar Muhammad Taufik', 'K08', '56cb73f3-3364-441b-8c8f-6de27256480b.jpg'),
(33, 'Tegar Muhammad Taufik', 'K09', '56cb73f3-3364-441b-8c8f-6de27256480b.jpg'),
(33, 'Tegar Muhammad Taufik', 'K10', '6111ed24-1bd7-4d77-8c57-b588095cfb0b.jpg'),
(33, 'Tegar Muhammad Taufik', 'K11', '56cb73f3-3364-441b-8c8f-6de27256480b.jpg'),
(34, 'Hani Alfiyani', 'K01', '17c00d62-8ddf-4d3b-bb4c-e932f9dedc78.jpg'),
(34, 'Hani Alfiyani', 'K02', '5467bb3e-0b6c-41c9-a9af-1f8f56ca553f.jpg'),
(34, 'Hani Alfiyani', 'K03', '5467bb3e-0b6c-41c9-a9af-1f8f56ca553f.jpg'),
(34, 'Hani Alfiyani', 'K04', '40997818-36e5-4649-8eed-d2909ec77ca6.jpg'),
(34, 'Hani Alfiyani', 'K05', '91301ff9-8603-4acb-a6e0-150396d0f367.jpg'),
(34, 'Hani Alfiyani', 'K06', '5467bb3e-0b6c-41c9-a9af-1f8f56ca553f.jpg'),
(34, 'Hani Alfiyani', 'K07', '40997818-36e5-4649-8eed-d2909ec77ca6.jpg'),
(34, 'Hani Alfiyani', 'K08', '40997818-36e5-4649-8eed-d2909ec77ca6.jpg'),
(34, 'Hani Alfiyani', 'K09', '5467bb3e-0b6c-41c9-a9af-1f8f56ca553f.jpg'),
(34, 'Hani Alfiyani', 'K10', '17c00d62-8ddf-4d3b-bb4c-e932f9dedc78.jpg'),
(34, 'Hani Alfiyani', 'K11', '5467bb3e-0b6c-41c9-a9af-1f8f56ca553f.jpg'),
(35, 'Wika Dewani', 'K01', '2e65d35f-319d-47aa-b7c0-7cda985aa66c.jpg'),
(35, 'Wika Dewani', 'K02', '15f934b0-6a36-49eb-b7b8-8c55dc831316.jpg'),
(35, 'Wika Dewani', 'K03', '075765cd-8605-42cf-815f-131c8b08c5fa.jpg'),
(35, 'Wika Dewani', 'K04', '9066173d-121c-470e-a303-cfc81e672bbc.jpg'),
(35, 'Wika Dewani', 'K05', 'a765bd47-f671-4854-9eef-aeada03904df.jpg'),
(35, 'Wika Dewani', 'K06', 'cf37cd01-1ac7-4415-99b5-6485f3848c44.jpg'),
(35, 'Wika Dewani', 'K07', '9066173d-121c-470e-a303-cfc81e672bbc.jpg'),
(35, 'Wika Dewani', 'K08', 'a765bd47-f671-4854-9eef-aeada03904df.jpg'),
(35, 'Wika Dewani', 'K09', '9066173d-121c-470e-a303-cfc81e672bbc.jpg'),
(35, 'Wika Dewani', 'K10', 'cf37cd01-1ac7-4415-99b5-6485f3848c44.jpg'),
(35, 'Wika Dewani', 'K11', '2e65d35f-319d-47aa-b7c0-7cda985aa66c.jpg'),
(36, 'Berta Juniarty Antomy', 'K01', '2e65d35f-319d-47aa-b7c0-7cda985aa66c.jpg'),
(36, 'Berta Juniarty Antomy', 'K02', '15f934b0-6a36-49eb-b7b8-8c55dc831316.jpg'),
(36, 'Berta Juniarty Antomy', 'K03', '075765cd-8605-42cf-815f-131c8b08c5fa.jpg'),
(36, 'Berta Juniarty Antomy', 'K04', '9066173d-121c-470e-a303-cfc81e672bbc.jpg'),
(36, 'Berta Juniarty Antomy', 'K05', '15f934b0-6a36-49eb-b7b8-8c55dc831316.jpg'),
(36, 'Berta Juniarty Antomy', 'K06', 'a765bd47-f671-4854-9eef-aeada03904df.jpg'),
(36, 'Berta Juniarty Antomy', 'K07', 'cf37cd01-1ac7-4415-99b5-6485f3848c44.jpg'),
(36, 'Berta Juniarty Antomy', 'K08', '2e65d35f-319d-47aa-b7c0-7cda985aa66c.jpg'),
(36, 'Berta Juniarty Antomy', 'K09', 'a765bd47-f671-4854-9eef-aeada03904df.jpg'),
(36, 'Berta Juniarty Antomy', 'K10', '9066173d-121c-470e-a303-cfc81e672bbc.jpg'),
(36, 'Berta Juniarty Antomy', 'K11', '15f934b0-6a36-49eb-b7b8-8c55dc831316.jpg'),
(37, 'Ziat Ferdi', 'K01', '2e65d35f-319d-47aa-b7c0-7cda985aa66c.jpg'),
(37, 'Ziat Ferdi', 'K02', '15f934b0-6a36-49eb-b7b8-8c55dc831316.jpg'),
(37, 'Ziat Ferdi', 'K03', '075765cd-8605-42cf-815f-131c8b08c5fa.jpg'),
(37, 'Ziat Ferdi', 'K04', '9066173d-121c-470e-a303-cfc81e672bbc.jpg'),
(37, 'Ziat Ferdi', 'K05', 'a765bd47-f671-4854-9eef-aeada03904df.jpg'),
(37, 'Ziat Ferdi', 'K06', 'cf37cd01-1ac7-4415-99b5-6485f3848c44.jpg'),
(37, 'Ziat Ferdi', 'K07', '075765cd-8605-42cf-815f-131c8b08c5fa.jpg'),
(37, 'Ziat Ferdi', 'K08', 'a765bd47-f671-4854-9eef-aeada03904df.jpg'),
(37, 'Ziat Ferdi', 'K09', 'a765bd47-f671-4854-9eef-aeada03904df.jpg'),
(37, 'Ziat Ferdi', 'K10', '075765cd-8605-42cf-815f-131c8b08c5fa.jpg'),
(37, 'Ziat Ferdi', 'K11', '15f934b0-6a36-49eb-b7b8-8c55dc831316.jpg'),
(38, 'Fiona Aulia', 'K01', '2e65d35f-319d-47aa-b7c0-7cda985aa66c.jpg'),
(38, 'Fiona Aulia', 'K02', '15f934b0-6a36-49eb-b7b8-8c55dc831316.jpg'),
(38, 'Fiona Aulia', 'K03', 'a765bd47-f671-4854-9eef-aeada03904df.jpg'),
(38, 'Fiona Aulia', 'K04', '075765cd-8605-42cf-815f-131c8b08c5fa.jpg'),
(38, 'Fiona Aulia', 'K05', '9066173d-121c-470e-a303-cfc81e672bbc.jpg'),
(38, 'Fiona Aulia', 'K06', '075765cd-8605-42cf-815f-131c8b08c5fa.jpg'),
(38, 'Fiona Aulia', 'K07', '9066173d-121c-470e-a303-cfc81e672bbc.jpg'),
(38, 'Fiona Aulia', 'K08', '15f934b0-6a36-49eb-b7b8-8c55dc831316.jpg'),
(38, 'Fiona Aulia', 'K09', '075765cd-8605-42cf-815f-131c8b08c5fa.jpg'),
(38, 'Fiona Aulia', 'K10', '9066173d-121c-470e-a303-cfc81e672bbc.jpg'),
(38, 'Fiona Aulia', 'K11', 'cf37cd01-1ac7-4415-99b5-6485f3848c44.jpg'),
(39, 'Fauziah Ababil', 'K01', '2e65d35f-319d-47aa-b7c0-7cda985aa66c.jpg'),
(39, 'Fauziah Ababil', 'K02', '15f934b0-6a36-49eb-b7b8-8c55dc831316.jpg'),
(39, 'Fauziah Ababil', 'K03', 'a765bd47-f671-4854-9eef-aeada03904df.jpg'),
(39, 'Fauziah Ababil', 'K04', '9066173d-121c-470e-a303-cfc81e672bbc.jpg'),
(39, 'Fauziah Ababil', 'K05', '075765cd-8605-42cf-815f-131c8b08c5fa.jpg'),
(39, 'Fauziah Ababil', 'K06', 'cf37cd01-1ac7-4415-99b5-6485f3848c44.jpg'),
(39, 'Fauziah Ababil', 'K07', '9066173d-121c-470e-a303-cfc81e672bbc.jpg'),
(39, 'Fauziah Ababil', 'K08', '075765cd-8605-42cf-815f-131c8b08c5fa.jpg'),
(39, 'Fauziah Ababil', 'K09', '9066173d-121c-470e-a303-cfc81e672bbc.jpg'),
(39, 'Fauziah Ababil', 'K10', '15f934b0-6a36-49eb-b7b8-8c55dc831316.jpg'),
(39, 'Fauziah Ababil', 'K11', '075765cd-8605-42cf-815f-131c8b08c5fa.jpg'),
(40, 'Arif Sulaiman', 'K01', '2e65d35f-319d-47aa-b7c0-7cda985aa66c.jpg'),
(40, 'Arif Sulaiman', 'K02', '075765cd-8605-42cf-815f-131c8b08c5fa.jpg'),
(40, 'Arif Sulaiman', 'K03', '15f934b0-6a36-49eb-b7b8-8c55dc831316.jpg'),
(40, 'Arif Sulaiman', 'K04', 'a765bd47-f671-4854-9eef-aeada03904df.jpg'),
(40, 'Arif Sulaiman', 'K05', 'a765bd47-f671-4854-9eef-aeada03904df.jpg'),
(40, 'Arif Sulaiman', 'K06', 'a765bd47-f671-4854-9eef-aeada03904df.jpg'),
(40, 'Arif Sulaiman', 'K07', 'a765bd47-f671-4854-9eef-aeada03904df.jpg'),
(40, 'Arif Sulaiman', 'K08', 'a765bd47-f671-4854-9eef-aeada03904df.jpg'),
(40, 'Arif Sulaiman', 'K09', 'a765bd47-f671-4854-9eef-aeada03904df.jpg'),
(40, 'Arif Sulaiman', 'K10', 'a765bd47-f671-4854-9eef-aeada03904df.jpg'),
(40, 'Arif Sulaiman', 'K11', 'a765bd47-f671-4854-9eef-aeada03904df.jpg'),
(41, 'FIKRI YUDISTIRA EKA PRAJA UNTARTO', 'K01', '00da1c2a-8b42-4de0-8aff-9c832188db1f.jpg'),
(41, 'FIKRI YUDISTIRA EKA PRAJA UNTARTO', 'K02', '0c5d7e65-b9ca-4985-ac82-7440f86439ea.jpg'),
(41, 'FIKRI YUDISTIRA EKA PRAJA UNTARTO', 'K03', '06c7bfdf-e555-40f6-b92d-3384d57b7b00.jpg'),
(41, 'FIKRI YUDISTIRA EKA PRAJA UNTARTO', 'K04', '6f3ef9bc-b47d-4c44-9c57-fdaa18f36826.jpg'),
(41, 'FIKRI YUDISTIRA EKA PRAJA UNTARTO', 'K05', 'a3e134f5-0247-460f-a0dd-a4422bb4da8b.jpg'),
(41, 'FIKRI YUDISTIRA EKA PRAJA UNTARTO', 'K06', '6f3ef9bc-b47d-4c44-9c57-fdaa18f36826.jpg'),
(41, 'FIKRI YUDISTIRA EKA PRAJA UNTARTO', 'K07', '6f3ef9bc-b47d-4c44-9c57-fdaa18f36826.jpg'),
(41, 'FIKRI YUDISTIRA EKA PRAJA UNTARTO', 'K08', '8556d327-76fd-4b01-b23f-6bc4b4b90dd7.jpg'),
(41, 'FIKRI YUDISTIRA EKA PRAJA UNTARTO', 'K09', '6f3ef9bc-b47d-4c44-9c57-fdaa18f36826.jpg'),
(41, 'FIKRI YUDISTIRA EKA PRAJA UNTARTO', 'K10', '06c7bfdf-e555-40f6-b92d-3384d57b7b00.jpg'),
(41, 'FIKRI YUDISTIRA EKA PRAJA UNTARTO', 'K11', '45e551d4-9353-4f05-a6bf-ce103b7e45ef.jpg'),
(42, 'Candra Sugito', 'K01', '80d90201-88b0-4c3f-a0ba-4883fdba91a0.jpg'),
(42, 'Candra Sugito', 'K02', '17537bbf-0e97-4bf4-a2ea-668e9f0e1a90.jpg'),
(42, 'Candra Sugito', 'K03', '80d90201-88b0-4c3f-a0ba-4883fdba91a0.jpg'),
(42, 'Candra Sugito', 'K04', '80d90201-88b0-4c3f-a0ba-4883fdba91a0.jpg'),
(42, 'Candra Sugito', 'K05', '17537bbf-0e97-4bf4-a2ea-668e9f0e1a90.jpg'),
(42, 'Candra Sugito', 'K06', '80d90201-88b0-4c3f-a0ba-4883fdba91a0.jpg'),
(42, 'Candra Sugito', 'K07', '80d90201-88b0-4c3f-a0ba-4883fdba91a0.jpg'),
(42, 'Candra Sugito', 'K08', '17537bbf-0e97-4bf4-a2ea-668e9f0e1a90.jpg'),
(42, 'Candra Sugito', 'K09', '17537bbf-0e97-4bf4-a2ea-668e9f0e1a90.jpg'),
(42, 'Candra Sugito', 'K10', '17537bbf-0e97-4bf4-a2ea-668e9f0e1a90.jpg'),
(42, 'Candra Sugito', 'K11', '17537bbf-0e97-4bf4-a2ea-668e9f0e1a90.jpg'),
(43, 'Nelly Novianti', 'K01', '80d90201-88b0-4c3f-a0ba-4883fdba91a0.jpg'),
(43, 'Nelly Novianti', 'K02', '17537bbf-0e97-4bf4-a2ea-668e9f0e1a90.jpg'),
(43, 'Nelly Novianti', 'K03', '80d90201-88b0-4c3f-a0ba-4883fdba91a0.jpg'),
(43, 'Nelly Novianti', 'K04', '80d90201-88b0-4c3f-a0ba-4883fdba91a0.jpg'),
(43, 'Nelly Novianti', 'K05', '17537bbf-0e97-4bf4-a2ea-668e9f0e1a90.jpg'),
(43, 'Nelly Novianti', 'K06', '17537bbf-0e97-4bf4-a2ea-668e9f0e1a90.jpg'),
(43, 'Nelly Novianti', 'K07', '80d90201-88b0-4c3f-a0ba-4883fdba91a0.jpg'),
(43, 'Nelly Novianti', 'K08', '17537bbf-0e97-4bf4-a2ea-668e9f0e1a90.jpg'),
(43, 'Nelly Novianti', 'K09', '80d90201-88b0-4c3f-a0ba-4883fdba91a0.jpg'),
(43, 'Nelly Novianti', 'K10', '80d90201-88b0-4c3f-a0ba-4883fdba91a0.jpg'),
(43, 'Nelly Novianti', 'K11', '17537bbf-0e97-4bf4-a2ea-668e9f0e1a90.jpg'),
(44, 'Ratih Ajeng Pramesti', 'K01', '0efe9c9b-7d2b-4e38-a43b-4f4bc68fbf10.jpg'),
(44, 'Ratih Ajeng Pramesti', 'K02', '3aabfc3f-a3bd-4882-bda0-9083f1177170.jpg'),
(44, 'Ratih Ajeng Pramesti', 'K03', '090f9198-3e3b-4890-98e3-f2b3a67c6c48.jpg'),
(44, 'Ratih Ajeng Pramesti', 'K04', 'f7b7216d-ba04-4755-a282-3ff647d78699.jpg'),
(44, 'Ratih Ajeng Pramesti', 'K05', '090f9198-3e3b-4890-98e3-f2b3a67c6c48.jpg'),
(44, 'Ratih Ajeng Pramesti', 'K06', '090f9198-3e3b-4890-98e3-f2b3a67c6c48.jpg'),
(44, 'Ratih Ajeng Pramesti', 'K07', 'f7b7216d-ba04-4755-a282-3ff647d78699.jpg'),
(44, 'Ratih Ajeng Pramesti', 'K08', 'ded7e7fd-1afd-4c3a-85c1-9e98bd261195.jpg'),
(44, 'Ratih Ajeng Pramesti', 'K09', '090f9198-3e3b-4890-98e3-f2b3a67c6c48.jpg'),
(44, 'Ratih Ajeng Pramesti', 'K10', 'ded7e7fd-1afd-4c3a-85c1-9e98bd261195.jpg'),
(44, 'Ratih Ajeng Pramesti', 'K11', 'ded7e7fd-1afd-4c3a-85c1-9e98bd261195.jpg'),
(45, 'Mayana', 'K01', '16c5a2be-6e08-45a9-96d9-40e17b7bebc8.jpg'),
(45, 'Mayana', 'K02', '338a9582-d66c-42f7-8a61-7b8d98e953ee.jpg'),
(45, 'Mayana', 'K03', '72886158-58f7-41ad-b1e5-9c1d7d619d05.jpg'),
(45, 'Mayana', 'K04', 'ae840bc4-c519-4388-a34e-20cf1eb85fb7.jpg'),
(45, 'Mayana', 'K05', '16c5a2be-6e08-45a9-96d9-40e17b7bebc8.jpg'),
(45, 'Mayana', 'K06', '338a9582-d66c-42f7-8a61-7b8d98e953ee.jpg'),
(45, 'Mayana', 'K07', '72886158-58f7-41ad-b1e5-9c1d7d619d05.jpg'),
(45, 'Mayana', 'K08', 'ae840bc4-c519-4388-a34e-20cf1eb85fb7.jpg'),
(45, 'Mayana', 'K09', '16c5a2be-6e08-45a9-96d9-40e17b7bebc8.jpg'),
(45, 'Mayana', 'K10', 'ae840bc4-c519-4388-a34e-20cf1eb85fb7.jpg'),
(45, 'Mayana', 'K11', '16c5a2be-6e08-45a9-96d9-40e17b7bebc8.jpg'),
(46, 'Hazlina', 'K01', '0a6c49b0-9f34-4094-8dce-e26edb8d8320.jpg'),
(46, 'Hazlina', 'K02', '0a6c49b0-9f34-4094-8dce-e26edb8d8320.jpg'),
(46, 'Hazlina', 'K03', '50ca61b9-8aa8-4a19-8d98-5cd7364565d0.jpg'),
(46, 'Hazlina', 'K04', 'dbe96d78-8e89-445d-8659-fb5ff1079a20.jpg'),
(46, 'Hazlina', 'K05', '4907edd5-1dc5-43e3-9e2d-96222946e43d.jpg'),
(46, 'Hazlina', 'K06', '4907edd5-1dc5-43e3-9e2d-96222946e43d.jpg'),
(46, 'Hazlina', 'K07', '4907edd5-1dc5-43e3-9e2d-96222946e43d.jpg'),
(46, 'Hazlina', 'K08', '50ca61b9-8aa8-4a19-8d98-5cd7364565d0.jpg'),
(46, 'Hazlina', 'K09', '4907edd5-1dc5-43e3-9e2d-96222946e43d.jpg'),
(46, 'Hazlina', 'K10', '50ca61b9-8aa8-4a19-8d98-5cd7364565d0.jpg'),
(46, 'Hazlina', 'K11', '50ca61b9-8aa8-4a19-8d98-5cd7364565d0.jpg'),
(47, 'Ilham Lazuardy Arief', 'K01', '8ae1bfb9-e8ac-4226-b67e-67629fa36559.jpg'),
(47, 'Ilham Lazuardy Arief', 'K02', '8ae1bfb9-e8ac-4226-b67e-67629fa36559.jpg'),
(47, 'Ilham Lazuardy Arief', 'K03', '8ae1bfb9-e8ac-4226-b67e-67629fa36559.jpg'),
(47, 'Ilham Lazuardy Arief', 'K04', '8ae1bfb9-e8ac-4226-b67e-67629fa36559.jpg'),
(47, 'Ilham Lazuardy Arief', 'K05', '8ae1bfb9-e8ac-4226-b67e-67629fa36559.jpg'),
(47, 'Ilham Lazuardy Arief', 'K06', '8ae1bfb9-e8ac-4226-b67e-67629fa36559.jpg'),
(47, 'Ilham Lazuardy Arief', 'K07', '8ae1bfb9-e8ac-4226-b67e-67629fa36559.jpg'),
(47, 'Ilham Lazuardy Arief', 'K08', '8ae1bfb9-e8ac-4226-b67e-67629fa36559.jpg'),
(47, 'Ilham Lazuardy Arief', 'K09', '8ae1bfb9-e8ac-4226-b67e-67629fa36559.jpg'),
(47, 'Ilham Lazuardy Arief', 'K10', '8ae1bfb9-e8ac-4226-b67e-67629fa36559.jpg'),
(47, 'Ilham Lazuardy Arief', 'K11', '8ae1bfb9-e8ac-4226-b67e-67629fa36559.jpg'),
(48, 'Anissa Purastika', 'K01', '7a870186-f2de-4ca5-9c63-9844ea932738.jpg'),
(48, 'Anissa Purastika', 'K02', '8ae1bfb9-e8ac-4226-b67e-67629fa36559.jpg'),
(48, 'Anissa Purastika', 'K03', '8ae1bfb9-e8ac-4226-b67e-67629fa36559.jpg'),
(48, 'Anissa Purastika', 'K04', '8b0d4ab5-741b-4dd4-9543-b1b800e9231d.jpg'),
(48, 'Anissa Purastika', 'K05', '8b0d4ab5-741b-4dd4-9543-b1b800e9231d.jpg'),
(48, 'Anissa Purastika', 'K06', '8ae1bfb9-e8ac-4226-b67e-67629fa36559.jpg'),
(48, 'Anissa Purastika', 'K07', '8ae1bfb9-e8ac-4226-b67e-67629fa36559.jpg'),
(48, 'Anissa Purastika', 'K08', '8b0d4ab5-741b-4dd4-9543-b1b800e9231d.jpg'),
(48, 'Anissa Purastika', 'K09', '8ae1bfb9-e8ac-4226-b67e-67629fa36559.jpg'),
(48, 'Anissa Purastika', 'K10', '8ae1bfb9-e8ac-4226-b67e-67629fa36559.jpg'),
(48, 'Anissa Purastika', 'K11', '8ae1bfb9-e8ac-4226-b67e-67629fa36559.jpg'),
(49, 'Satria Eko Fransisko', 'K01', '0d7fe853-2eec-4d3c-a4a9-c9da1de70c7c.jpg'),
(49, 'Satria Eko Fransisko', 'K02', '0d7fe853-2eec-4d3c-a4a9-c9da1de70c7c.jpg'),
(49, 'Satria Eko Fransisko', 'K03', '9afb7f46-2aa7-4621-b89f-30a6f013d6ba.jpg'),
(49, 'Satria Eko Fransisko', 'K04', 'f58b1162-5724-4b43-83d9-4ea1432af141.jpg'),
(49, 'Satria Eko Fransisko', 'K05', '9afb7f46-2aa7-4621-b89f-30a6f013d6ba.jpg'),
(49, 'Satria Eko Fransisko', 'K06', 'e9531a61-6c5c-4c48-87ea-1fb33aac0aa6.jpg'),
(49, 'Satria Eko Fransisko', 'K07', '9afb7f46-2aa7-4621-b89f-30a6f013d6ba.jpg'),
(49, 'Satria Eko Fransisko', 'K08', 'f58b1162-5724-4b43-83d9-4ea1432af141.jpg'),
(49, 'Satria Eko Fransisko', 'K09', '9afb7f46-2aa7-4621-b89f-30a6f013d6ba.jpg'),
(49, 'Satria Eko Fransisko', 'K10', 'e9531a61-6c5c-4c48-87ea-1fb33aac0aa6.jpg'),
(49, 'Satria Eko Fransisko', 'K11', '9afb7f46-2aa7-4621-b89f-30a6f013d6ba.jpg'),
(50, 'Devi Novita Sari', 'K01', '0d7fe853-2eec-4d3c-a4a9-c9da1de70c7c.jpg'),
(50, 'Devi Novita Sari', 'K02', '9afb7f46-2aa7-4621-b89f-30a6f013d6ba.jpg'),
(50, 'Devi Novita Sari', 'K03', '9afb7f46-2aa7-4621-b89f-30a6f013d6ba.jpg'),
(50, 'Devi Novita Sari', 'K04', 'e9531a61-6c5c-4c48-87ea-1fb33aac0aa6.jpg'),
(50, 'Devi Novita Sari', 'K05', '9afb7f46-2aa7-4621-b89f-30a6f013d6ba.jpg'),
(50, 'Devi Novita Sari', 'K06', '9afb7f46-2aa7-4621-b89f-30a6f013d6ba.jpg'),
(50, 'Devi Novita Sari', 'K07', '0d7fe853-2eec-4d3c-a4a9-c9da1de70c7c.jpg'),
(50, 'Devi Novita Sari', 'K08', 'e9531a61-6c5c-4c48-87ea-1fb33aac0aa6.jpg'),
(50, 'Devi Novita Sari', 'K09', '9afb7f46-2aa7-4621-b89f-30a6f013d6ba.jpg'),
(50, 'Devi Novita Sari', 'K10', '0d7fe853-2eec-4d3c-a4a9-c9da1de70c7c.jpg'),
(50, 'Devi Novita Sari', 'K11', '0d7fe853-2eec-4d3c-a4a9-c9da1de70c7c.jpg'),
(51, 'Nurul Nur Aini', 'K01', 'WhatsApp Image 2017-08-29 at 09.35.28.jpeg'),
(51, 'Nurul Nur Aini', 'K02', 'WhatsApp Image 2017-08-29 at 09.35.41.jpeg'),
(51, 'Nurul Nur Aini', 'K03', 'WhatsApp Image 2017-08-29 at 09.36.07.jpeg'),
(51, 'Nurul Nur Aini', 'K04', 'WhatsApp Image 2017-08-31 at 10.54.12.jpeg'),
(51, 'Nurul Nur Aini', 'K05', 'WhatsApp Image 2017-08-29 at 09.35.41.jpeg'),
(51, 'Nurul Nur Aini', 'K06', 'WhatsApp Image 2017-08-29 at 09.35.41.jpeg'),
(51, 'Nurul Nur Aini', 'K07', 'WhatsApp Image 2017-08-29 at 09.35.41.jpeg'),
(51, 'Nurul Nur Aini', 'K08', 'WhatsApp Image 2017-08-29 at 09.35.41.jpeg'),
(51, 'Nurul Nur Aini', 'K09', 'WhatsApp Image 2017-08-29 at 09.35.41.jpeg'),
(51, 'Nurul Nur Aini', 'K10', 'WhatsApp Image 2017-08-29 at 09.35.28.jpeg'),
(51, 'Nurul Nur Aini', 'K11', 'WhatsApp Image 2017-08-29 at 09.36.07.jpeg'),
(52, 'Sinta Anggreani', 'K01', 'WhatsApp Image 2017-08-29 at 09.36.07.jpeg'),
(52, 'Sinta Anggreani', 'K02', 'WhatsApp Image 2017-08-29 at 09.36.07.jpeg'),
(52, 'Sinta Anggreani', 'K03', 'WhatsApp Image 2017-08-29 at 09.36.07.jpeg'),
(52, 'Sinta Anggreani', 'K04', 'WhatsApp Image 2017-08-29 at 09.36.07.jpeg'),
(52, 'Sinta Anggreani', 'K05', 'WhatsApp Image 2017-08-29 at 09.36.07.jpeg'),
(52, 'Sinta Anggreani', 'K06', 'WhatsApp Image 2017-08-29 at 09.36.07.jpeg'),
(52, 'Sinta Anggreani', 'K07', 'WhatsApp Image 2017-08-29 at 09.36.07.jpeg'),
(52, 'Sinta Anggreani', 'K08', 'WhatsApp Image 2017-08-29 at 09.36.07.jpeg'),
(52, 'Sinta Anggreani', 'K09', 'WhatsApp Image 2017-08-29 at 09.36.07.jpeg'),
(52, 'Sinta Anggreani', 'K10', 'WhatsApp Image 2017-08-29 at 09.36.07.jpeg'),
(52, 'Sinta Anggreani', 'K11', 'WhatsApp Image 2017-08-29 at 09.36.07.jpeg'),
(53, 'SUCI JUNIANTI', 'K01', '9ae35183-790e-4536-a3fd-ebc2f1ee8030.jpg'),
(53, 'SUCI JUNIANTI', 'K02', '19886c41-c7c9-433d-9e88-e272d2b13779.jpg'),
(53, 'SUCI JUNIANTI', 'K03', '19886c41-c7c9-433d-9e88-e272d2b13779.jpg'),
(53, 'SUCI JUNIANTI', 'K04', '9ae35183-790e-4536-a3fd-ebc2f1ee8030.jpg'),
(53, 'SUCI JUNIANTI', 'K05', '9ae35183-790e-4536-a3fd-ebc2f1ee8030.jpg'),
(53, 'SUCI JUNIANTI', 'K06', '9ae35183-790e-4536-a3fd-ebc2f1ee8030.jpg'),
(53, 'SUCI JUNIANTI', 'K07', '9ae35183-790e-4536-a3fd-ebc2f1ee8030.jpg'),
(53, 'SUCI JUNIANTI', 'K08', '9ae35183-790e-4536-a3fd-ebc2f1ee8030.jpg'),
(53, 'SUCI JUNIANTI', 'K09', '9ae35183-790e-4536-a3fd-ebc2f1ee8030.jpg'),
(53, 'SUCI JUNIANTI', 'K10', '19886c41-c7c9-433d-9e88-e272d2b13779.jpg'),
(53, 'SUCI JUNIANTI', 'K11', '0bd87d0a-3eaf-496e-a783-a56befb995af.jpg'),
(54, 'Dandi Mulyana', 'K01', 'dcf49b51-726e-4ab8-8669-2259bc7be04a.jpg'),
(54, 'Dandi Mulyana', 'K02', '5ef12060-d396-4b03-8980-80bc07024782.jpg'),
(54, 'Dandi Mulyana', 'K03', 'dcf49b51-726e-4ab8-8669-2259bc7be04a.jpg'),
(54, 'Dandi Mulyana', 'K04', '94e9c73d-d56e-4b7c-add8-b034959cb10f.jpg'),
(54, 'Dandi Mulyana', 'K05', 'f290e05f-0f93-4118-b5bb-433b6ca01c6f.jpg'),
(54, 'Dandi Mulyana', 'K06', '5ef12060-d396-4b03-8980-80bc07024782.jpg'),
(54, 'Dandi Mulyana', 'K07', 'dcf49b51-726e-4ab8-8669-2259bc7be04a.jpg'),
(54, 'Dandi Mulyana', 'K08', '94e9c73d-d56e-4b7c-add8-b034959cb10f.jpg'),
(54, 'Dandi Mulyana', 'K09', 'dcf49b51-726e-4ab8-8669-2259bc7be04a.jpg'),
(54, 'Dandi Mulyana', 'K10', '94e9c73d-d56e-4b7c-add8-b034959cb10f.jpg'),
(54, 'Dandi Mulyana', 'K11', '94e9c73d-d56e-4b7c-add8-b034959cb10f.jpg'),
(55, 'Afrio Dwi Kurniawan', 'K01', 'WhatsApp Image 2017-08-24 at 21.16.19.jpeg'),
(55, 'Afrio Dwi Kurniawan', 'K02', 'WhatsApp Image 2017-08-24 at 21.16.26.jpeg'),
(55, 'Afrio Dwi Kurniawan', 'K03', 'WhatsApp Image 2017-08-24 at 21.16.28.jpeg'),
(55, 'Afrio Dwi Kurniawan', 'K04', 'WhatsApp Image 2017-08-24 at 22.26.33.jpeg'),
(55, 'Afrio Dwi Kurniawan', 'K05', 'WhatsApp Image 2017-08-24 at 22.26.33.jpeg'),
(55, 'Afrio Dwi Kurniawan', 'K06', 'WhatsApp Image 2017-08-24 at 21.16.26.jpeg'),
(55, 'Afrio Dwi Kurniawan', 'K07', 'WhatsApp Image 2017-08-24 at 21.16.28.jpeg'),
(55, 'Afrio Dwi Kurniawan', 'K08', 'WhatsApp Image 2017-08-24 at 21.16.28.jpeg'),
(55, 'Afrio Dwi Kurniawan', 'K09', 'WhatsApp Image 2017-08-24 at 21.16.28.jpeg'),
(55, 'Afrio Dwi Kurniawan', 'K10', 'WhatsApp Image 2017-08-24 at 21.16.26.jpeg'),
(55, 'Afrio Dwi Kurniawan', 'K11', 'WhatsApp Image 2017-08-24 at 21.16.28.jpeg'),
(56, 'Trianny Syantikha', 'K01', '4a2282b8-0230-4886-88cd-d832e2ef3ce8.jpg'),
(56, 'Trianny Syantikha', 'K02', '325db7fa-c105-4bd6-a738-e09dc6a570c1.jpg'),
(56, 'Trianny Syantikha', 'K03', 'd458f70f-2464-4f37-848a-1733aec40bdc.jpg'),
(56, 'Trianny Syantikha', 'K04', 'f480fcc7-228b-4f39-8286-266713ef7eb1.jpg'),
(56, 'Trianny Syantikha', 'K05', '4a2282b8-0230-4886-88cd-d832e2ef3ce8.jpg'),
(56, 'Trianny Syantikha', 'K06', '325db7fa-c105-4bd6-a738-e09dc6a570c1.jpg'),
(56, 'Trianny Syantikha', 'K07', '325db7fa-c105-4bd6-a738-e09dc6a570c1.jpg'),
(56, 'Trianny Syantikha', 'K08', 'd458f70f-2464-4f37-848a-1733aec40bdc.jpg'),
(56, 'Trianny Syantikha', 'K09', '325db7fa-c105-4bd6-a738-e09dc6a570c1.jpg'),
(56, 'Trianny Syantikha', 'K10', 'd458f70f-2464-4f37-848a-1733aec40bdc.jpg'),
(56, 'Trianny Syantikha', 'K11', '4a2282b8-0230-4886-88cd-d832e2ef3ce8.jpg'),
(57, 'POSMA ANDERSON PANDIANGAN', 'K01', '4a2282b8-0230-4886-88cd-d832e2ef3ce8.jpg'),
(57, 'POSMA ANDERSON PANDIANGAN', 'K02', '325db7fa-c105-4bd6-a738-e09dc6a570c1.jpg'),
(57, 'POSMA ANDERSON PANDIANGAN', 'K03', 'd458f70f-2464-4f37-848a-1733aec40bdc.jpg'),
(57, 'POSMA ANDERSON PANDIANGAN', 'K04', 'f480fcc7-228b-4f39-8286-266713ef7eb1.jpg'),
(57, 'POSMA ANDERSON PANDIANGAN', 'K05', '325db7fa-c105-4bd6-a738-e09dc6a570c1.jpg'),
(57, 'POSMA ANDERSON PANDIANGAN', 'K06', '4a2282b8-0230-4886-88cd-d832e2ef3ce8.jpg'),
(57, 'POSMA ANDERSON PANDIANGAN', 'K07', 'f480fcc7-228b-4f39-8286-266713ef7eb1.jpg'),
(57, 'POSMA ANDERSON PANDIANGAN', 'K08', '325db7fa-c105-4bd6-a738-e09dc6a570c1.jpg'),
(57, 'POSMA ANDERSON PANDIANGAN', 'K09', 'd458f70f-2464-4f37-848a-1733aec40bdc.jpg'),
(57, 'POSMA ANDERSON PANDIANGAN', 'K10', '4a2282b8-0230-4886-88cd-d832e2ef3ce8.jpg'),
(57, 'POSMA ANDERSON PANDIANGAN', 'K11', '325db7fa-c105-4bd6-a738-e09dc6a570c1.jpg'),
(58, 'ZUBAIR RASYID HS', 'K01', 'd458f70f-2464-4f37-848a-1733aec40bdc.jpg'),
(58, 'ZUBAIR RASYID HS', 'K02', 'd458f70f-2464-4f37-848a-1733aec40bdc.jpg'),
(58, 'ZUBAIR RASYID HS', 'K03', '4a2282b8-0230-4886-88cd-d832e2ef3ce8.jpg'),
(58, 'ZUBAIR RASYID HS', 'K04', '325db7fa-c105-4bd6-a738-e09dc6a570c1.jpg'),
(58, 'ZUBAIR RASYID HS', 'K05', '325db7fa-c105-4bd6-a738-e09dc6a570c1.jpg'),
(58, 'ZUBAIR RASYID HS', 'K06', 'f480fcc7-228b-4f39-8286-266713ef7eb1.jpg'),
(58, 'ZUBAIR RASYID HS', 'K07', '4a2282b8-0230-4886-88cd-d832e2ef3ce8.jpg'),
(58, 'ZUBAIR RASYID HS', 'K08', 'd458f70f-2464-4f37-848a-1733aec40bdc.jpg'),
(58, 'ZUBAIR RASYID HS', 'K09', '325db7fa-c105-4bd6-a738-e09dc6a570c1.jpg'),
(58, 'ZUBAIR RASYID HS', 'K10', 'd458f70f-2464-4f37-848a-1733aec40bdc.jpg'),
(58, 'ZUBAIR RASYID HS', 'K11', '325db7fa-c105-4bd6-a738-e09dc6a570c1.jpg'),
(59, 'Adhetya putra perdana', 'K01', '325db7fa-c105-4bd6-a738-e09dc6a570c1.jpg'),
(59, 'Adhetya putra perdana', 'K02', 'd458f70f-2464-4f37-848a-1733aec40bdc.jpg'),
(59, 'Adhetya putra perdana', 'K03', 'd458f70f-2464-4f37-848a-1733aec40bdc.jpg'),
(59, 'Adhetya putra perdana', 'K04', 'f480fcc7-228b-4f39-8286-266713ef7eb1.jpg'),
(59, 'Adhetya putra perdana', 'K05', 'd458f70f-2464-4f37-848a-1733aec40bdc.jpg'),
(59, 'Adhetya putra perdana', 'K06', 'f480fcc7-228b-4f39-8286-266713ef7eb1.jpg'),
(59, 'Adhetya putra perdana', 'K07', '4a2282b8-0230-4886-88cd-d832e2ef3ce8.jpg'),
(59, 'Adhetya putra perdana', 'K08', 'd458f70f-2464-4f37-848a-1733aec40bdc.jpg'),
(59, 'Adhetya putra perdana', 'K09', 'f480fcc7-228b-4f39-8286-266713ef7eb1.jpg'),
(59, 'Adhetya putra perdana', 'K10', '325db7fa-c105-4bd6-a738-e09dc6a570c1.jpg'),
(59, 'Adhetya putra perdana', 'K11', 'd458f70f-2464-4f37-848a-1733aec40bdc.jpg'),
(60, 'Siti Aminah', 'K01', '4a2282b8-0230-4886-88cd-d832e2ef3ce8.jpg'),
(60, 'Siti Aminah', 'K02', '325db7fa-c105-4bd6-a738-e09dc6a570c1.jpg'),
(60, 'Siti Aminah', 'K03', 'd458f70f-2464-4f37-848a-1733aec40bdc.jpg'),
(60, 'Siti Aminah', 'K04', 'f480fcc7-228b-4f39-8286-266713ef7eb1.jpg'),
(60, 'Siti Aminah', 'K05', '325db7fa-c105-4bd6-a738-e09dc6a570c1.jpg'),
(60, 'Siti Aminah', 'K06', '325db7fa-c105-4bd6-a738-e09dc6a570c1.jpg'),
(60, 'Siti Aminah', 'K07', 'd458f70f-2464-4f37-848a-1733aec40bdc.jpg'),
(60, 'Siti Aminah', 'K08', 'd458f70f-2464-4f37-848a-1733aec40bdc.jpg'),
(60, 'Siti Aminah', 'K09', 'f480fcc7-228b-4f39-8286-266713ef7eb1.jpg'),
(60, 'Siti Aminah', 'K10', 'd458f70f-2464-4f37-848a-1733aec40bdc.jpg'),
(60, 'Siti Aminah', 'K11', 'f480fcc7-228b-4f39-8286-266713ef7eb1.jpg'),
(61, 'Solihin', 'K01', 'f480fcc7-228b-4f39-8286-266713ef7eb1.jpg'),
(61, 'Solihin', 'K02', 'eaa03786-4dd1-4019-bf4b-39bc3278a6dd.jpg'),
(61, 'Solihin', 'K03', 'eaa03786-4dd1-4019-bf4b-39bc3278a6dd.jpg'),
(61, 'Solihin', 'K04', 'eaa03786-4dd1-4019-bf4b-39bc3278a6dd.jpg'),
(61, 'Solihin', 'K05', 'eaa03786-4dd1-4019-bf4b-39bc3278a6dd.jpg'),
(61, 'Solihin', 'K06', 'eaa03786-4dd1-4019-bf4b-39bc3278a6dd.jpg'),
(61, 'Solihin', 'K07', 'eaa03786-4dd1-4019-bf4b-39bc3278a6dd.jpg'),
(61, 'Solihin', 'K08', 'eaa03786-4dd1-4019-bf4b-39bc3278a6dd.jpg'),
(61, 'Solihin', 'K09', 'eaa03786-4dd1-4019-bf4b-39bc3278a6dd.jpg'),
(61, 'Solihin', 'K10', 'eaa03786-4dd1-4019-bf4b-39bc3278a6dd.jpg'),
(61, 'Solihin', 'K11', 'eaa03786-4dd1-4019-bf4b-39bc3278a6dd.jpg'),
(62, 'Arief Rahman', 'K01', '1cba1b87-0d28-4c24-8a26-467ea8c64ccc.jpg'),
(62, 'Arief Rahman', 'K02', '40ffc0f0-1b46-4bdb-944d-39ec628c20d0.jpg'),
(62, 'Arief Rahman', 'K03', '7388bd66-8415-48de-b898-d11c5f21ade6.jpg'),
(62, 'Arief Rahman', 'K04', 'f88a358d-0f08-46ee-8c43-6d3ac31bbc91.jpg'),
(62, 'Arief Rahman', 'K05', '40ffc0f0-1b46-4bdb-944d-39ec628c20d0.jpg'),
(62, 'Arief Rahman', 'K06', '40ffc0f0-1b46-4bdb-944d-39ec628c20d0.jpg'),
(62, 'Arief Rahman', 'K07', '40ffc0f0-1b46-4bdb-944d-39ec628c20d0.jpg'),
(62, 'Arief Rahman', 'K08', '7388bd66-8415-48de-b898-d11c5f21ade6.jpg'),
(62, 'Arief Rahman', 'K09', 'f88a358d-0f08-46ee-8c43-6d3ac31bbc91.jpg'),
(62, 'Arief Rahman', 'K10', '40ffc0f0-1b46-4bdb-944d-39ec628c20d0.jpg'),
(62, 'Arief Rahman', 'K11', '40ffc0f0-1b46-4bdb-944d-39ec628c20d0.jpg'),
(63, 'Mayuni', 'K01', '60028626-82b9-4781-81fe-4a86d87a7ff8.jpg'),
(63, 'Mayuni', 'K02', 'bae6f576-b427-4d00-bd11-79789c71cf53.jpg'),
(63, 'Mayuni', 'K03', 'bae6f576-b427-4d00-bd11-79789c71cf53.jpg'),
(63, 'Mayuni', 'K04', '60028626-82b9-4781-81fe-4a86d87a7ff8.jpg'),
(63, 'Mayuni', 'K05', '60028626-82b9-4781-81fe-4a86d87a7ff8.jpg'),
(63, 'Mayuni', 'K06', 'bae6f576-b427-4d00-bd11-79789c71cf53.jpg'),
(63, 'Mayuni', 'K07', '60028626-82b9-4781-81fe-4a86d87a7ff8.jpg'),
(63, 'Mayuni', 'K08', 'bae6f576-b427-4d00-bd11-79789c71cf53.jpg'),
(63, 'Mayuni', 'K09', 'bae6f576-b427-4d00-bd11-79789c71cf53.jpg'),
(63, 'Mayuni', 'K10', '60028626-82b9-4781-81fe-4a86d87a7ff8.jpg'),
(63, 'Mayuni', 'K11', '60028626-82b9-4781-81fe-4a86d87a7ff8.jpg'),
(64, 'Indrawan Batolomius', 'K01', '60028626-82b9-4781-81fe-4a86d87a7ff8.jpg'),
(64, 'Indrawan Batolomius', 'K02', '60028626-82b9-4781-81fe-4a86d87a7ff8.jpg'),
(64, 'Indrawan Batolomius', 'K03', '60028626-82b9-4781-81fe-4a86d87a7ff8.jpg'),
(64, 'Indrawan Batolomius', 'K04', '60028626-82b9-4781-81fe-4a86d87a7ff8.jpg'),
(64, 'Indrawan Batolomius', 'K05', '60028626-82b9-4781-81fe-4a86d87a7ff8.jpg'),
(64, 'Indrawan Batolomius', 'K06', '60028626-82b9-4781-81fe-4a86d87a7ff8.jpg'),
(64, 'Indrawan Batolomius', 'K07', '60028626-82b9-4781-81fe-4a86d87a7ff8.jpg'),
(64, 'Indrawan Batolomius', 'K08', '60028626-82b9-4781-81fe-4a86d87a7ff8.jpg'),
(64, 'Indrawan Batolomius', 'K09', '60028626-82b9-4781-81fe-4a86d87a7ff8.jpg'),
(64, 'Indrawan Batolomius', 'K10', '60028626-82b9-4781-81fe-4a86d87a7ff8.jpg'),
(64, 'Indrawan Batolomius', 'K11', '60028626-82b9-4781-81fe-4a86d87a7ff8.jpg'),
(65, 'Novita Indah Saputri', 'K01', '091a1d76-85f5-42ae-a0e9-c5e90e63c575.jpg'),
(65, 'Novita Indah Saputri', 'K02', '71856b28-da52-44cb-a56a-fee1e5e283e4.jpg'),
(65, 'Novita Indah Saputri', 'K03', 'd5c04513-f596-4afa-9615-34bd8ea7a9e5.jpg'),
(65, 'Novita Indah Saputri', 'K04', 'e20d81a4-b898-462e-997f-d2dc205ea7e0.jpg'),
(65, 'Novita Indah Saputri', 'K05', 'd5c04513-f596-4afa-9615-34bd8ea7a9e5.jpg'),
(65, 'Novita Indah Saputri', 'K06', 'e20d81a4-b898-462e-997f-d2dc205ea7e0.jpg'),
(65, 'Novita Indah Saputri', 'K07', 'd5c04513-f596-4afa-9615-34bd8ea7a9e5.jpg'),
(65, 'Novita Indah Saputri', 'K08', '71856b28-da52-44cb-a56a-fee1e5e283e4.jpg'),
(65, 'Novita Indah Saputri', 'K09', '71856b28-da52-44cb-a56a-fee1e5e283e4.jpg'),
(65, 'Novita Indah Saputri', 'K10', '71856b28-da52-44cb-a56a-fee1e5e283e4.jpg'),
(65, 'Novita Indah Saputri', 'K11', '71856b28-da52-44cb-a56a-fee1e5e283e4.jpg'),
(66, 'Delvi triana', 'K01', '053977d1-c40f-4b20-acd0-0c72395117a3.jpg'),
(66, 'Delvi triana', 'K02', 'b2bc2cdf-4185-47eb-a992-3005f252d707.jpg'),
(66, 'Delvi triana', 'K03', '053977d1-c40f-4b20-acd0-0c72395117a3.jpg'),
(66, 'Delvi triana', 'K04', 'b2bc2cdf-4185-47eb-a992-3005f252d707.jpg'),
(66, 'Delvi triana', 'K05', '053977d1-c40f-4b20-acd0-0c72395117a3.jpg'),
(66, 'Delvi triana', 'K06', 'b2bc2cdf-4185-47eb-a992-3005f252d707.jpg'),
(66, 'Delvi triana', 'K07', '053977d1-c40f-4b20-acd0-0c72395117a3.jpg'),
(66, 'Delvi triana', 'K08', 'b2bc2cdf-4185-47eb-a992-3005f252d707.jpg'),
(66, 'Delvi triana', 'K09', '053977d1-c40f-4b20-acd0-0c72395117a3.jpg'),
(66, 'Delvi triana', 'K10', 'b2bc2cdf-4185-47eb-a992-3005f252d707.jpg'),
(66, 'Delvi triana', 'K11', '053977d1-c40f-4b20-acd0-0c72395117a3.jpg'),
(67, 'Suli maulina', 'K01', '0c7cac4f-858e-47e4-adac-0128ede0321e.jpg'),
(67, 'Suli maulina', 'K02', '519c2bf9-b003-4702-8ad6-819bf53a2df1.jpg'),
(67, 'Suli maulina', 'K03', '284848d2-11ea-443e-8a49-7e8025021c35.jpg'),
(67, 'Suli maulina', 'K04', '949428ee-20f9-4e5a-bd5f-df9d75df0a80.jpg'),
(67, 'Suli maulina', 'K05', '0c7cac4f-858e-47e4-adac-0128ede0321e.jpg'),
(67, 'Suli maulina', 'K06', '519c2bf9-b003-4702-8ad6-819bf53a2df1.jpg'),
(67, 'Suli maulina', 'K07', '284848d2-11ea-443e-8a49-7e8025021c35.jpg'),
(67, 'Suli maulina', 'K08', '949428ee-20f9-4e5a-bd5f-df9d75df0a80.jpg'),
(67, 'Suli maulina', 'K09', '519c2bf9-b003-4702-8ad6-819bf53a2df1.jpg'),
(67, 'Suli maulina', 'K10', '949428ee-20f9-4e5a-bd5f-df9d75df0a80.jpg'),
(67, 'Suli maulina', 'K11', '519c2bf9-b003-4702-8ad6-819bf53a2df1.jpg'),
(68, 'RIDHA ASH SIDDIQY', 'K01', '519c2bf9-b003-4702-8ad6-819bf53a2df1.jpg'),
(68, 'RIDHA ASH SIDDIQY', 'K02', '949428ee-20f9-4e5a-bd5f-df9d75df0a80.jpg'),
(68, 'RIDHA ASH SIDDIQY', 'K03', '284848d2-11ea-443e-8a49-7e8025021c35.jpg'),
(68, 'RIDHA ASH SIDDIQY', 'K04', '949428ee-20f9-4e5a-bd5f-df9d75df0a80.jpg'),
(68, 'RIDHA ASH SIDDIQY', 'K05', '284848d2-11ea-443e-8a49-7e8025021c35.jpg'),
(68, 'RIDHA ASH SIDDIQY', 'K06', '519c2bf9-b003-4702-8ad6-819bf53a2df1.jpg'),
(68, 'RIDHA ASH SIDDIQY', 'K07', '0c7cac4f-858e-47e4-adac-0128ede0321e.jpg'),
(68, 'RIDHA ASH SIDDIQY', 'K08', '0c7cac4f-858e-47e4-adac-0128ede0321e.jpg'),
(68, 'RIDHA ASH SIDDIQY', 'K09', '0c7cac4f-858e-47e4-adac-0128ede0321e.jpg'),
(68, 'RIDHA ASH SIDDIQY', 'K10', '0c7cac4f-858e-47e4-adac-0128ede0321e.jpg'),
(68, 'RIDHA ASH SIDDIQY', 'K11', '0c7cac4f-858e-47e4-adac-0128ede0321e.jpg'),
(69, 'Mario Andika Tri Putra', 'K01', 'WhatsApp Image 2017-08-27 at 15.53.41.jpeg'),
(69, 'Mario Andika Tri Putra', 'K02', 'WhatsApp Image 2017-08-27 at 15.56.30.jpeg'),
(69, 'Mario Andika Tri Putra', 'K03', 'WhatsApp Image 2017-08-27 at 16.05.35.jpeg'),
(69, 'Mario Andika Tri Putra', 'K04', 'WhatsApp Image 2017-08-27 at 16.07.20.jpeg'),
(69, 'Mario Andika Tri Putra', 'K05', 'WhatsApp Image 2017-08-27 at 15.53.41.jpeg'),
(69, 'Mario Andika Tri Putra', 'K06', 'WhatsApp Image 2017-08-27 at 15.56.30.jpeg'),
(69, 'Mario Andika Tri Putra', 'K07', 'WhatsApp Image 2017-08-27 at 16.07.20.jpeg'),
(69, 'Mario Andika Tri Putra', 'K08', 'WhatsApp Image 2017-08-27 at 15.56.30.jpeg'),
(69, 'Mario Andika Tri Putra', 'K09', 'WhatsApp Image 2017-08-27 at 15.53.41.jpeg'),
(69, 'Mario Andika Tri Putra', 'K10', 'WhatsApp Image 2017-08-27 at 16.05.35.jpeg'),
(69, 'Mario Andika Tri Putra', 'K11', 'WhatsApp Image 2017-08-27 at 16.07.20.jpeg'),
(70, 'Nurlela M', 'K01', '1f8b4534-dcf6-4597-ab0b-87d3f9ca071e.jpg'),
(70, 'Nurlela M', 'K02', '8b8179cd-fdf6-44be-8e77-7332eb105052.jpg'),
(70, 'Nurlela M', 'K03', '90d1ab2f-669d-4015-acf9-cf6ec32fb9f4.jpg'),
(70, 'Nurlela M', 'K04', '314f60c6-f641-4036-93a4-963e4913f2a3.jpg'),
(70, 'Nurlela M', 'K05', 'a899980d-3663-4c60-9f82-815b1c02957b.jpg'),
(70, 'Nurlela M', 'K06', 'd66cdb9b-4f55-41c8-8270-80f4aba26c3c.jpg'),
(70, 'Nurlela M', 'K07', 'dea0a51b-ffa2-499f-9102-4dfa4a6fd369.jpg'),
(70, 'Nurlela M', 'K08', 'ef582290-0ad1-4afc-b9d3-4782fbd9015f.jpg'),
(70, 'Nurlela M', 'K09', 'd66cdb9b-4f55-41c8-8270-80f4aba26c3c.jpg'),
(70, 'Nurlela M', 'K10', '8b8179cd-fdf6-44be-8e77-7332eb105052.jpg'),
(70, 'Nurlela M', 'K11', '90d1ab2f-669d-4015-acf9-cf6ec32fb9f4.jpg'),
(71, 'Rino Anugra Putra', 'K01', '23bf4700-682f-4a6d-8fbf-5d46efa67f52.jpg'),
(71, 'Rino Anugra Putra', 'K02', '23bf4700-682f-4a6d-8fbf-5d46efa67f52.jpg'),
(71, 'Rino Anugra Putra', 'K03', '23bf4700-682f-4a6d-8fbf-5d46efa67f52.jpg'),
(71, 'Rino Anugra Putra', 'K04', '23bf4700-682f-4a6d-8fbf-5d46efa67f52.jpg'),
(71, 'Rino Anugra Putra', 'K05', '23bf4700-682f-4a6d-8fbf-5d46efa67f52.jpg'),
(71, 'Rino Anugra Putra', 'K06', '23bf4700-682f-4a6d-8fbf-5d46efa67f52.jpg'),
(71, 'Rino Anugra Putra', 'K07', '23bf4700-682f-4a6d-8fbf-5d46efa67f52.jpg'),
(71, 'Rino Anugra Putra', 'K08', '23bf4700-682f-4a6d-8fbf-5d46efa67f52.jpg'),
(71, 'Rino Anugra Putra', 'K09', '23bf4700-682f-4a6d-8fbf-5d46efa67f52.jpg'),
(71, 'Rino Anugra Putra', 'K10', '23bf4700-682f-4a6d-8fbf-5d46efa67f52.jpg'),
(71, 'Rino Anugra Putra', 'K11', '23bf4700-682f-4a6d-8fbf-5d46efa67f52.jpg'),
(74, 'Husna Ningsih', 'K01', 'WhatsApp Image 2017-08-29 at 10.10.57.jpeg'),
(74, 'Husna Ningsih', 'K02', 'WhatsApp Image 2017-08-29 at 10.10.58.jpeg'),
(74, 'Husna Ningsih', 'K03', 'WhatsApp Image 2017-08-31 at 07.33.28.jpeg'),
(74, 'Husna Ningsih', 'K04', 'WhatsApp Image 2017-08-29 at 10.10.57.jpeg'),
(74, 'Husna Ningsih', 'K05', 'WhatsApp Image 2017-08-29 at 10.10.58.jpeg'),
(74, 'Husna Ningsih', 'K06', 'WhatsApp Image 2017-08-29 at 10.10.57.jpeg'),
(74, 'Husna Ningsih', 'K07', 'WhatsApp Image 2017-08-31 at 07.33.28.jpeg'),
(74, 'Husna Ningsih', 'K08', 'WhatsApp Image 2017-08-31 at 07.33.28.jpeg'),
(74, 'Husna Ningsih', 'K09', 'WhatsApp Image 2017-08-29 at 10.10.58.jpeg'),
(74, 'Husna Ningsih', 'K10', 'WhatsApp Image 2017-08-29 at 10.10.57.jpeg'),
(74, 'Husna Ningsih', 'K11', 'WhatsApp Image 2017-08-29 at 10.10.58.jpeg'),
(75, 'Dhea Trinandya Wijayanti', 'K01', '3bf09f53-e5d2-4977-ac3a-52bcdb0af02c.jpg'),
(75, 'Dhea Trinandya Wijayanti', 'K02', '71d936a8-6436-4903-8952-47df337e0989.jpg'),
(75, 'Dhea Trinandya Wijayanti', 'K03', '080d9a11-5359-4b09-9fcf-f6be61548ba4.jpg'),
(75, 'Dhea Trinandya Wijayanti', 'K04', '248cc394-67b5-4482-bb4a-aaffc0eaebfa.jpg'),
(75, 'Dhea Trinandya Wijayanti', 'K05', '248cc394-67b5-4482-bb4a-aaffc0eaebfa.jpg'),
(75, 'Dhea Trinandya Wijayanti', 'K06', '138763d3-7450-4728-aeec-3ac2dbd82ddb.jpg'),
(75, 'Dhea Trinandya Wijayanti', 'K07', '71d936a8-6436-4903-8952-47df337e0989.jpg'),
(75, 'Dhea Trinandya Wijayanti', 'K08', '080d9a11-5359-4b09-9fcf-f6be61548ba4.jpg'),
(75, 'Dhea Trinandya Wijayanti', 'K09', '71d936a8-6436-4903-8952-47df337e0989.jpg'),
(75, 'Dhea Trinandya Wijayanti', 'K10', '3bf09f53-e5d2-4977-ac3a-52bcdb0af02c.jpg'),
(75, 'Dhea Trinandya Wijayanti', 'K11', '138763d3-7450-4728-aeec-3ac2dbd82ddb.jpg'),
(76, 'Gilang Habibie', 'K01', '9ebf0407-a06d-4681-84f3-606638711d31.jpg'),
(76, 'Gilang Habibie', 'K02', '19d2951e-aff3-4e18-972f-57d2cca9d71c.jpg'),
(76, 'Gilang Habibie', 'K03', '658684e0-f698-4f7a-968d-4d14eea79b9c.jpg'),
(76, 'Gilang Habibie', 'K04', 'ff347baa-d934-4aac-9bac-5878a517d0ea.jpg'),
(76, 'Gilang Habibie', 'K05', '19d2951e-aff3-4e18-972f-57d2cca9d71c.jpg'),
(76, 'Gilang Habibie', 'K06', '9ebf0407-a06d-4681-84f3-606638711d31.jpg'),
(76, 'Gilang Habibie', 'K07', '19d2951e-aff3-4e18-972f-57d2cca9d71c.jpg'),
(76, 'Gilang Habibie', 'K08', '9ebf0407-a06d-4681-84f3-606638711d31.jpg'),
(76, 'Gilang Habibie', 'K09', 'ff347baa-d934-4aac-9bac-5878a517d0ea.jpg'),
(76, 'Gilang Habibie', 'K10', '9ebf0407-a06d-4681-84f3-606638711d31.jpg'),
(76, 'Gilang Habibie', 'K11', 'ff347baa-d934-4aac-9bac-5878a517d0ea.jpg'),
(77, 'Riani Mahalalita', 'K01', '658684e0-f698-4f7a-968d-4d14eea79b9c.jpg'),
(77, 'Riani Mahalalita', 'K02', '658684e0-f698-4f7a-968d-4d14eea79b9c.jpg'),
(77, 'Riani Mahalalita', 'K03', '658684e0-f698-4f7a-968d-4d14eea79b9c.jpg'),
(77, 'Riani Mahalalita', 'K04', '658684e0-f698-4f7a-968d-4d14eea79b9c.jpg'),
(77, 'Riani Mahalalita', 'K05', '658684e0-f698-4f7a-968d-4d14eea79b9c.jpg'),
(77, 'Riani Mahalalita', 'K06', '658684e0-f698-4f7a-968d-4d14eea79b9c.jpg'),
(77, 'Riani Mahalalita', 'K07', '658684e0-f698-4f7a-968d-4d14eea79b9c.jpg'),
(77, 'Riani Mahalalita', 'K08', '658684e0-f698-4f7a-968d-4d14eea79b9c.jpg'),
(77, 'Riani Mahalalita', 'K09', '658684e0-f698-4f7a-968d-4d14eea79b9c.jpg'),
(77, 'Riani Mahalalita', 'K10', '658684e0-f698-4f7a-968d-4d14eea79b9c.jpg'),
(77, 'Riani Mahalalita', 'K11', '658684e0-f698-4f7a-968d-4d14eea79b9c.jpg'),
(78, 'Wilda Ariani', 'K01', '658684e0-f698-4f7a-968d-4d14eea79b9c.jpg'),
(78, 'Wilda Ariani', 'K02', '658684e0-f698-4f7a-968d-4d14eea79b9c.jpg'),
(78, 'Wilda Ariani', 'K03', '658684e0-f698-4f7a-968d-4d14eea79b9c.jpg'),
(78, 'Wilda Ariani', 'K04', '658684e0-f698-4f7a-968d-4d14eea79b9c.jpg'),
(78, 'Wilda Ariani', 'K05', '658684e0-f698-4f7a-968d-4d14eea79b9c.jpg'),
(78, 'Wilda Ariani', 'K06', '658684e0-f698-4f7a-968d-4d14eea79b9c.jpg'),
(78, 'Wilda Ariani', 'K07', '658684e0-f698-4f7a-968d-4d14eea79b9c.jpg'),
(78, 'Wilda Ariani', 'K08', '658684e0-f698-4f7a-968d-4d14eea79b9c.jpg'),
(78, 'Wilda Ariani', 'K09', '658684e0-f698-4f7a-968d-4d14eea79b9c.jpg'),
(78, 'Wilda Ariani', 'K10', '658684e0-f698-4f7a-968d-4d14eea79b9c.jpg'),
(78, 'Wilda Ariani', 'K11', 'ff347baa-d934-4aac-9bac-5878a517d0ea.jpg'),
(79, 'Ovi Indah Afriani', 'K01', '5f3ca442-f9e0-40a5-a6df-35e719d97b5a.jpg'),
(79, 'Ovi Indah Afriani', 'K02', '817aa5a0-9aa9-433d-a9de-a0f366690957.jpg'),
(79, 'Ovi Indah Afriani', 'K03', 'c86abea4-7956-46ad-bc7c-a927f2d1c93f.jpg'),
(79, 'Ovi Indah Afriani', 'K04', '817aa5a0-9aa9-433d-a9de-a0f366690957.jpg'),
(79, 'Ovi Indah Afriani', 'K05', '5f3ca442-f9e0-40a5-a6df-35e719d97b5a.jpg'),
(79, 'Ovi Indah Afriani', 'K06', '5f3ca442-f9e0-40a5-a6df-35e719d97b5a.jpg'),
(79, 'Ovi Indah Afriani', 'K07', '817aa5a0-9aa9-433d-a9de-a0f366690957.jpg'),
(79, 'Ovi Indah Afriani', 'K08', '5f3ca442-f9e0-40a5-a6df-35e719d97b5a.jpg'),
(79, 'Ovi Indah Afriani', 'K09', 'c86abea4-7956-46ad-bc7c-a927f2d1c93f.jpg'),
(79, 'Ovi Indah Afriani', 'K10', '817aa5a0-9aa9-433d-a9de-a0f366690957.jpg'),
(79, 'Ovi Indah Afriani', 'K11', '817aa5a0-9aa9-433d-a9de-a0f366690957.jpg'),
(80, 'Dwi Maryati', 'K01', '658684e0-f698-4f7a-968d-4d14eea79b9c.jpg'),
(80, 'Dwi Maryati', 'K02', '658684e0-f698-4f7a-968d-4d14eea79b9c.jpg'),
(80, 'Dwi Maryati', 'K03', '658684e0-f698-4f7a-968d-4d14eea79b9c.jpg'),
(80, 'Dwi Maryati', 'K04', '658684e0-f698-4f7a-968d-4d14eea79b9c.jpg'),
(80, 'Dwi Maryati', 'K05', '658684e0-f698-4f7a-968d-4d14eea79b9c.jpg'),
(80, 'Dwi Maryati', 'K06', '658684e0-f698-4f7a-968d-4d14eea79b9c.jpg'),
(80, 'Dwi Maryati', 'K07', '658684e0-f698-4f7a-968d-4d14eea79b9c.jpg'),
(80, 'Dwi Maryati', 'K08', '658684e0-f698-4f7a-968d-4d14eea79b9c.jpg'),
(80, 'Dwi Maryati', 'K09', '658684e0-f698-4f7a-968d-4d14eea79b9c.jpg'),
(80, 'Dwi Maryati', 'K10', '658684e0-f698-4f7a-968d-4d14eea79b9c.jpg'),
(80, 'Dwi Maryati', 'K11', '5f3ca442-f9e0-40a5-a6df-35e719d97b5a.jpg'),
(81, 'Syafrizal Sodikin', 'K01', 'ff347baa-d934-4aac-9bac-5878a517d0ea.jpg'),
(81, 'Syafrizal Sodikin', 'K02', '658684e0-f698-4f7a-968d-4d14eea79b9c.jpg'),
(81, 'Syafrizal Sodikin', 'K03', '658684e0-f698-4f7a-968d-4d14eea79b9c.jpg'),
(81, 'Syafrizal Sodikin', 'K04', '19d2951e-aff3-4e18-972f-57d2cca9d71c.jpg'),
(81, 'Syafrizal Sodikin', 'K05', '9ebf0407-a06d-4681-84f3-606638711d31.jpg'),
(81, 'Syafrizal Sodikin', 'K06', '19d2951e-aff3-4e18-972f-57d2cca9d71c.jpg'),
(81, 'Syafrizal Sodikin', 'K07', '658684e0-f698-4f7a-968d-4d14eea79b9c.jpg'),
(81, 'Syafrizal Sodikin', 'K08', '19d2951e-aff3-4e18-972f-57d2cca9d71c.jpg'),
(81, 'Syafrizal Sodikin', 'K09', '9ebf0407-a06d-4681-84f3-606638711d31.jpg'),
(81, 'Syafrizal Sodikin', 'K10', '19d2951e-aff3-4e18-972f-57d2cca9d71c.jpg'),
(81, 'Syafrizal Sodikin', 'K11', 'ff347baa-d934-4aac-9bac-5878a517d0ea.jpg'),
(82, 'Hayati', 'K01', '658684e0-f698-4f7a-968d-4d14eea79b9c.jpg'),
(82, 'Hayati', 'K02', '658684e0-f698-4f7a-968d-4d14eea79b9c.jpg'),
(82, 'Hayati', 'K03', '658684e0-f698-4f7a-968d-4d14eea79b9c.jpg'),
(82, 'Hayati', 'K04', '658684e0-f698-4f7a-968d-4d14eea79b9c.jpg'),
(82, 'Hayati', 'K05', '658684e0-f698-4f7a-968d-4d14eea79b9c.jpg'),
(82, 'Hayati', 'K06', '658684e0-f698-4f7a-968d-4d14eea79b9c.jpg'),
(82, 'Hayati', 'K07', '658684e0-f698-4f7a-968d-4d14eea79b9c.jpg'),
(82, 'Hayati', 'K08', '658684e0-f698-4f7a-968d-4d14eea79b9c.jpg'),
(82, 'Hayati', 'K09', '658684e0-f698-4f7a-968d-4d14eea79b9c.jpg'),
(82, 'Hayati', 'K10', '658684e0-f698-4f7a-968d-4d14eea79b9c.jpg'),
(82, 'Hayati', 'K11', '658684e0-f698-4f7a-968d-4d14eea79b9c.jpg'),
(84, 'Kwirinus Rio Kusuma', 'K01', '658684e0-f698-4f7a-968d-4d14eea79b9c.jpg'),
(84, 'Kwirinus Rio Kusuma', 'K02', '658684e0-f698-4f7a-968d-4d14eea79b9c.jpg'),
(84, 'Kwirinus Rio Kusuma', 'K03', '658684e0-f698-4f7a-968d-4d14eea79b9c.jpg'),
(84, 'Kwirinus Rio Kusuma', 'K04', '658684e0-f698-4f7a-968d-4d14eea79b9c.jpg'),
(84, 'Kwirinus Rio Kusuma', 'K05', '658684e0-f698-4f7a-968d-4d14eea79b9c.jpg'),
(84, 'Kwirinus Rio Kusuma', 'K06', '658684e0-f698-4f7a-968d-4d14eea79b9c.jpg'),
(84, 'Kwirinus Rio Kusuma', 'K07', '658684e0-f698-4f7a-968d-4d14eea79b9c.jpg'),
(84, 'Kwirinus Rio Kusuma', 'K08', '658684e0-f698-4f7a-968d-4d14eea79b9c.jpg'),
(84, 'Kwirinus Rio Kusuma', 'K09', '658684e0-f698-4f7a-968d-4d14eea79b9c.jpg'),
(84, 'Kwirinus Rio Kusuma', 'K10', '658684e0-f698-4f7a-968d-4d14eea79b9c.jpg'),
(84, 'Kwirinus Rio Kusuma', 'K11', '658684e0-f698-4f7a-968d-4d14eea79b9c.jpg'),
(85, 'Elda Sari', 'K01', '1aafe870-c204-426a-8abf-20cbf5a62fbd.jpg'),
(85, 'Elda Sari', 'K02', '070ecf5e-80ed-4d02-aa6b-561ab7d9e863.jpg'),
(85, 'Elda Sari', 'K03', '070ecf5e-80ed-4d02-aa6b-561ab7d9e863.jpg'),
(85, 'Elda Sari', 'K04', 'a0e72d10-0548-484b-983c-2f1cecbc798a.jpg'),
(85, 'Elda Sari', 'K05', 'a0e72d10-0548-484b-983c-2f1cecbc798a.jpg'),
(85, 'Elda Sari', 'K06', 'a0e72d10-0548-484b-983c-2f1cecbc798a.jpg'),
(85, 'Elda Sari', 'K07', '070ecf5e-80ed-4d02-aa6b-561ab7d9e863.jpg'),
(85, 'Elda Sari', 'K08', '1aafe870-c204-426a-8abf-20cbf5a62fbd.jpg'),
(85, 'Elda Sari', 'K09', '070ecf5e-80ed-4d02-aa6b-561ab7d9e863.jpg'),
(85, 'Elda Sari', 'K10', 'a0e72d10-0548-484b-983c-2f1cecbc798a.jpg'),
(85, 'Elda Sari', 'K11', '1aafe870-c204-426a-8abf-20cbf5a62fbd.jpg'),
(86, 'Mizi Oktari', 'K01', 'a0e72d10-0548-484b-983c-2f1cecbc798a.jpg'),
(86, 'Mizi Oktari', 'K02', 'a0e72d10-0548-484b-983c-2f1cecbc798a.jpg'),
(86, 'Mizi Oktari', 'K03', 'a0e72d10-0548-484b-983c-2f1cecbc798a.jpg'),
(86, 'Mizi Oktari', 'K04', 'a0e72d10-0548-484b-983c-2f1cecbc798a.jpg'),
(86, 'Mizi Oktari', 'K05', 'a0e72d10-0548-484b-983c-2f1cecbc798a.jpg'),
(86, 'Mizi Oktari', 'K06', 'a0e72d10-0548-484b-983c-2f1cecbc798a.jpg'),
(86, 'Mizi Oktari', 'K07', 'a0e72d10-0548-484b-983c-2f1cecbc798a.jpg'),
(86, 'Mizi Oktari', 'K08', 'a0e72d10-0548-484b-983c-2f1cecbc798a.jpg'),
(86, 'Mizi Oktari', 'K09', 'a0e72d10-0548-484b-983c-2f1cecbc798a.jpg'),
(86, 'Mizi Oktari', 'K10', 'a0e72d10-0548-484b-983c-2f1cecbc798a.jpg'),
(86, 'Mizi Oktari', 'K11', '1aafe870-c204-426a-8abf-20cbf5a62fbd.jpg'),
(87, 'MUHAMMAD ARIEF TRI PRAYOGI', 'K01', 'a0e72d10-0548-484b-983c-2f1cecbc798a.jpg'),
(87, 'MUHAMMAD ARIEF TRI PRAYOGI', 'K02', 'a0e72d10-0548-484b-983c-2f1cecbc798a.jpg'),
(87, 'MUHAMMAD ARIEF TRI PRAYOGI', 'K03', 'a0e72d10-0548-484b-983c-2f1cecbc798a.jpg'),
(87, 'MUHAMMAD ARIEF TRI PRAYOGI', 'K04', 'a0e72d10-0548-484b-983c-2f1cecbc798a.jpg'),
(87, 'MUHAMMAD ARIEF TRI PRAYOGI', 'K05', 'a0e72d10-0548-484b-983c-2f1cecbc798a.jpg'),
(87, 'MUHAMMAD ARIEF TRI PRAYOGI', 'K06', 'a0e72d10-0548-484b-983c-2f1cecbc798a.jpg'),
(87, 'MUHAMMAD ARIEF TRI PRAYOGI', 'K07', 'a0e72d10-0548-484b-983c-2f1cecbc798a.jpg'),
(87, 'MUHAMMAD ARIEF TRI PRAYOGI', 'K08', 'a0e72d10-0548-484b-983c-2f1cecbc798a.jpg'),
(87, 'MUHAMMAD ARIEF TRI PRAYOGI', 'K09', 'a0e72d10-0548-484b-983c-2f1cecbc798a.jpg'),
(87, 'MUHAMMAD ARIEF TRI PRAYOGI', 'K10', 'a0e72d10-0548-484b-983c-2f1cecbc798a.jpg'),
(87, 'MUHAMMAD ARIEF TRI PRAYOGI', 'K11', 'a0e72d10-0548-484b-983c-2f1cecbc798a.jpg'),
(88, 'Sella Purwasi', 'K01', 'a0e72d10-0548-484b-983c-2f1cecbc798a.jpg'),
(88, 'Sella Purwasi', 'K02', 'a0e72d10-0548-484b-983c-2f1cecbc798a.jpg'),
(88, 'Sella Purwasi', 'K03', 'a0e72d10-0548-484b-983c-2f1cecbc798a.jpg'),
(88, 'Sella Purwasi', 'K04', 'a0e72d10-0548-484b-983c-2f1cecbc798a.jpg'),
(88, 'Sella Purwasi', 'K05', 'a0e72d10-0548-484b-983c-2f1cecbc798a.jpg'),
(88, 'Sella Purwasi', 'K06', 'a0e72d10-0548-484b-983c-2f1cecbc798a.jpg'),
(88, 'Sella Purwasi', 'K07', 'a0e72d10-0548-484b-983c-2f1cecbc798a.jpg'),
(88, 'Sella Purwasi', 'K08', 'a0e72d10-0548-484b-983c-2f1cecbc798a.jpg'),
(88, 'Sella Purwasi', 'K09', 'a0e72d10-0548-484b-983c-2f1cecbc798a.jpg'),
(88, 'Sella Purwasi', 'K10', 'a0e72d10-0548-484b-983c-2f1cecbc798a.jpg'),
(88, 'Sella Purwasi', 'K11', 'a0e72d10-0548-484b-983c-2f1cecbc798a.jpg'),
(89, 'Armanto', 'K01', '1aafe870-c204-426a-8abf-20cbf5a62fbd.jpg'),
(89, 'Armanto', 'K02', '070ecf5e-80ed-4d02-aa6b-561ab7d9e863.jpg'),
(89, 'Armanto', 'K03', 'a0e72d10-0548-484b-983c-2f1cecbc798a.jpg'),
(89, 'Armanto', 'K04', '070ecf5e-80ed-4d02-aa6b-561ab7d9e863.jpg'),
(89, 'Armanto', 'K05', 'a0e72d10-0548-484b-983c-2f1cecbc798a.jpg'),
(89, 'Armanto', 'K06', 'a0e72d10-0548-484b-983c-2f1cecbc798a.jpg'),
(89, 'Armanto', 'K07', '070ecf5e-80ed-4d02-aa6b-561ab7d9e863.jpg');
INSERT INTO `lampiran_mahasiswa` (`id_mahasiswa`, `nama_mahasiswa`, `kode_kriteria`, `nama_file`) VALUES
(89, 'Armanto', 'K08', '1aafe870-c204-426a-8abf-20cbf5a62fbd.jpg'),
(89, 'Armanto', 'K09', '070ecf5e-80ed-4d02-aa6b-561ab7d9e863.jpg'),
(89, 'Armanto', 'K10', 'a0e72d10-0548-484b-983c-2f1cecbc798a.jpg'),
(89, 'Armanto', 'K11', '070ecf5e-80ed-4d02-aa6b-561ab7d9e863.jpg'),
(90, 'Disca Fatriyanti', 'K01', 'a965e1fe-220f-427b-ba85-d4249e00641d.jpg'),
(90, 'Disca Fatriyanti', 'K02', '754adb64-272d-44fc-8af9-567d306e5672.jpg'),
(90, 'Disca Fatriyanti', 'K03', '95adcdfe-4d4e-4efe-bc00-e66aa61dd151.jpg'),
(90, 'Disca Fatriyanti', 'K04', 'defc6ad7-baf2-4c8c-be2f-272071f5dd3d.jpg'),
(90, 'Disca Fatriyanti', 'K05', '95adcdfe-4d4e-4efe-bc00-e66aa61dd151.jpg'),
(90, 'Disca Fatriyanti', 'K06', '95adcdfe-4d4e-4efe-bc00-e66aa61dd151.jpg'),
(90, 'Disca Fatriyanti', 'K07', 'e2aad0a9-ca1c-44cf-a0cb-0f5ce60c87a8.jpg'),
(90, 'Disca Fatriyanti', 'K08', 'defc6ad7-baf2-4c8c-be2f-272071f5dd3d.jpg'),
(90, 'Disca Fatriyanti', 'K09', 'a965e1fe-220f-427b-ba85-d4249e00641d.jpg'),
(90, 'Disca Fatriyanti', 'K10', '754adb64-272d-44fc-8af9-567d306e5672.jpg'),
(90, 'Disca Fatriyanti', 'K11', '95adcdfe-4d4e-4efe-bc00-e66aa61dd151.jpg'),
(91, 'Julizar', 'K01', '754adb64-272d-44fc-8af9-567d306e5672.jpg'),
(91, 'Julizar', 'K02', 'defc6ad7-baf2-4c8c-be2f-272071f5dd3d.jpg'),
(91, 'Julizar', 'K03', 'defc6ad7-baf2-4c8c-be2f-272071f5dd3d.jpg'),
(91, 'Julizar', 'K04', 'defc6ad7-baf2-4c8c-be2f-272071f5dd3d.jpg'),
(91, 'Julizar', 'K05', '754adb64-272d-44fc-8af9-567d306e5672.jpg'),
(91, 'Julizar', 'K06', '754adb64-272d-44fc-8af9-567d306e5672.jpg'),
(91, 'Julizar', 'K07', 'a965e1fe-220f-427b-ba85-d4249e00641d.jpg'),
(91, 'Julizar', 'K08', 'e2aad0a9-ca1c-44cf-a0cb-0f5ce60c87a8.jpg'),
(91, 'Julizar', 'K09', '95adcdfe-4d4e-4efe-bc00-e66aa61dd151.jpg'),
(91, 'Julizar', 'K10', 'e2aad0a9-ca1c-44cf-a0cb-0f5ce60c87a8.jpg'),
(91, 'Julizar', 'K11', 'a965e1fe-220f-427b-ba85-d4249e00641d.jpg'),
(92, 'Muhammad Arief Tri Prayogi', 'K01', '95adcdfe-4d4e-4efe-bc00-e66aa61dd151.jpg'),
(92, 'Muhammad Arief Tri Prayogi', 'K02', 'a965e1fe-220f-427b-ba85-d4249e00641d.jpg'),
(92, 'Muhammad Arief Tri Prayogi', 'K03', 'defc6ad7-baf2-4c8c-be2f-272071f5dd3d.jpg'),
(92, 'Muhammad Arief Tri Prayogi', 'K04', 'a965e1fe-220f-427b-ba85-d4249e00641d.jpg'),
(92, 'Muhammad Arief Tri Prayogi', 'K05', 'a965e1fe-220f-427b-ba85-d4249e00641d.jpg'),
(92, 'Muhammad Arief Tri Prayogi', 'K06', 'e2aad0a9-ca1c-44cf-a0cb-0f5ce60c87a8.jpg'),
(92, 'Muhammad Arief Tri Prayogi', 'K07', 'e2aad0a9-ca1c-44cf-a0cb-0f5ce60c87a8.jpg'),
(92, 'Muhammad Arief Tri Prayogi', 'K08', 'e2aad0a9-ca1c-44cf-a0cb-0f5ce60c87a8.jpg'),
(92, 'Muhammad Arief Tri Prayogi', 'K09', 'e2aad0a9-ca1c-44cf-a0cb-0f5ce60c87a8.jpg'),
(92, 'Muhammad Arief Tri Prayogi', 'K10', 'e2aad0a9-ca1c-44cf-a0cb-0f5ce60c87a8.jpg'),
(92, 'Muhammad Arief Tri Prayogi', 'K11', 'e2aad0a9-ca1c-44cf-a0cb-0f5ce60c87a8.jpg'),
(94, 'Maulana Basuki Ilham', 'K01', '754adb64-272d-44fc-8af9-567d306e5672.jpg'),
(94, 'Maulana Basuki Ilham', 'K02', '754adb64-272d-44fc-8af9-567d306e5672.jpg'),
(94, 'Maulana Basuki Ilham', 'K03', 'a965e1fe-220f-427b-ba85-d4249e00641d.jpg'),
(94, 'Maulana Basuki Ilham', 'K04', 'e2aad0a9-ca1c-44cf-a0cb-0f5ce60c87a8.jpg'),
(94, 'Maulana Basuki Ilham', 'K05', 'e2aad0a9-ca1c-44cf-a0cb-0f5ce60c87a8.jpg'),
(94, 'Maulana Basuki Ilham', 'K06', 'defc6ad7-baf2-4c8c-be2f-272071f5dd3d.jpg'),
(94, 'Maulana Basuki Ilham', 'K07', '754adb64-272d-44fc-8af9-567d306e5672.jpg'),
(94, 'Maulana Basuki Ilham', 'K08', 'e2aad0a9-ca1c-44cf-a0cb-0f5ce60c87a8.jpg'),
(94, 'Maulana Basuki Ilham', 'K09', 'defc6ad7-baf2-4c8c-be2f-272071f5dd3d.jpg'),
(94, 'Maulana Basuki Ilham', 'K10', 'a965e1fe-220f-427b-ba85-d4249e00641d.jpg'),
(94, 'Maulana Basuki Ilham', 'K11', '95adcdfe-4d4e-4efe-bc00-e66aa61dd151.jpg'),
(95, 'Syifa Qurattal Aini', 'K01', '754adb64-272d-44fc-8af9-567d306e5672.jpg'),
(95, 'Syifa Qurattal Aini', 'K02', 'a965e1fe-220f-427b-ba85-d4249e00641d.jpg'),
(95, 'Syifa Qurattal Aini', 'K03', 'a965e1fe-220f-427b-ba85-d4249e00641d.jpg'),
(95, 'Syifa Qurattal Aini', 'K04', 'a965e1fe-220f-427b-ba85-d4249e00641d.jpg'),
(95, 'Syifa Qurattal Aini', 'K05', 'a965e1fe-220f-427b-ba85-d4249e00641d.jpg'),
(95, 'Syifa Qurattal Aini', 'K06', 'a965e1fe-220f-427b-ba85-d4249e00641d.jpg'),
(95, 'Syifa Qurattal Aini', 'K07', 'a965e1fe-220f-427b-ba85-d4249e00641d.jpg'),
(95, 'Syifa Qurattal Aini', 'K08', 'a965e1fe-220f-427b-ba85-d4249e00641d.jpg'),
(95, 'Syifa Qurattal Aini', 'K09', 'a965e1fe-220f-427b-ba85-d4249e00641d.jpg'),
(95, 'Syifa Qurattal Aini', 'K10', 'a965e1fe-220f-427b-ba85-d4249e00641d.jpg'),
(95, 'Syifa Qurattal Aini', 'K11', 'a965e1fe-220f-427b-ba85-d4249e00641d.jpg'),
(96, 'Raveena Cindy Azwari', 'K01', '754adb64-272d-44fc-8af9-567d306e5672.jpg'),
(96, 'Raveena Cindy Azwari', 'K02', 'defc6ad7-baf2-4c8c-be2f-272071f5dd3d.jpg'),
(96, 'Raveena Cindy Azwari', 'K03', 'e2aad0a9-ca1c-44cf-a0cb-0f5ce60c87a8.jpg'),
(96, 'Raveena Cindy Azwari', 'K04', '95adcdfe-4d4e-4efe-bc00-e66aa61dd151.jpg'),
(96, 'Raveena Cindy Azwari', 'K05', 'defc6ad7-baf2-4c8c-be2f-272071f5dd3d.jpg'),
(96, 'Raveena Cindy Azwari', 'K06', 'e2aad0a9-ca1c-44cf-a0cb-0f5ce60c87a8.jpg'),
(96, 'Raveena Cindy Azwari', 'K07', 'a965e1fe-220f-427b-ba85-d4249e00641d.jpg'),
(96, 'Raveena Cindy Azwari', 'K08', 'a965e1fe-220f-427b-ba85-d4249e00641d.jpg'),
(96, 'Raveena Cindy Azwari', 'K09', 'defc6ad7-baf2-4c8c-be2f-272071f5dd3d.jpg'),
(96, 'Raveena Cindy Azwari', 'K10', '95adcdfe-4d4e-4efe-bc00-e66aa61dd151.jpg'),
(96, 'Raveena Cindy Azwari', 'K11', 'a965e1fe-220f-427b-ba85-d4249e00641d.jpg'),
(97, 'Edwin Rianto', 'K01', 'a965e1fe-220f-427b-ba85-d4249e00641d.jpg'),
(97, 'Edwin Rianto', 'K02', 'a965e1fe-220f-427b-ba85-d4249e00641d.jpg'),
(97, 'Edwin Rianto', 'K03', 'a965e1fe-220f-427b-ba85-d4249e00641d.jpg'),
(97, 'Edwin Rianto', 'K04', '754adb64-272d-44fc-8af9-567d306e5672.jpg'),
(97, 'Edwin Rianto', 'K05', 'a965e1fe-220f-427b-ba85-d4249e00641d.jpg'),
(97, 'Edwin Rianto', 'K06', '754adb64-272d-44fc-8af9-567d306e5672.jpg'),
(97, 'Edwin Rianto', 'K07', '754adb64-272d-44fc-8af9-567d306e5672.jpg'),
(97, 'Edwin Rianto', 'K08', '95adcdfe-4d4e-4efe-bc00-e66aa61dd151.jpg'),
(97, 'Edwin Rianto', 'K09', '754adb64-272d-44fc-8af9-567d306e5672.jpg'),
(97, 'Edwin Rianto', 'K10', 'defc6ad7-baf2-4c8c-be2f-272071f5dd3d.jpg'),
(97, 'Edwin Rianto', 'K11', 'defc6ad7-baf2-4c8c-be2f-272071f5dd3d.jpg'),
(98, 'Viva Gamma Liecharlie', 'K01', 'a965e1fe-220f-427b-ba85-d4249e00641d.jpg'),
(98, 'Viva Gamma Liecharlie', 'K02', 'defc6ad7-baf2-4c8c-be2f-272071f5dd3d.jpg'),
(98, 'Viva Gamma Liecharlie', 'K03', 'e2aad0a9-ca1c-44cf-a0cb-0f5ce60c87a8.jpg'),
(98, 'Viva Gamma Liecharlie', 'K04', 'e2aad0a9-ca1c-44cf-a0cb-0f5ce60c87a8.jpg'),
(98, 'Viva Gamma Liecharlie', 'K05', '754adb64-272d-44fc-8af9-567d306e5672.jpg'),
(98, 'Viva Gamma Liecharlie', 'K06', 'defc6ad7-baf2-4c8c-be2f-272071f5dd3d.jpg'),
(98, 'Viva Gamma Liecharlie', 'K07', '754adb64-272d-44fc-8af9-567d306e5672.jpg'),
(98, 'Viva Gamma Liecharlie', 'K08', '95adcdfe-4d4e-4efe-bc00-e66aa61dd151.jpg'),
(98, 'Viva Gamma Liecharlie', 'K09', 'defc6ad7-baf2-4c8c-be2f-272071f5dd3d.jpg'),
(98, 'Viva Gamma Liecharlie', 'K10', '754adb64-272d-44fc-8af9-567d306e5672.jpg'),
(98, 'Viva Gamma Liecharlie', 'K11', 'defc6ad7-baf2-4c8c-be2f-272071f5dd3d.jpg'),
(99, 'Sri Wahyuni', 'K01', '95adcdfe-4d4e-4efe-bc00-e66aa61dd151.jpg'),
(99, 'Sri Wahyuni', 'K02', '754adb64-272d-44fc-8af9-567d306e5672.jpg'),
(99, 'Sri Wahyuni', 'K03', 'a965e1fe-220f-427b-ba85-d4249e00641d.jpg'),
(99, 'Sri Wahyuni', 'K04', 'defc6ad7-baf2-4c8c-be2f-272071f5dd3d.jpg'),
(99, 'Sri Wahyuni', 'K05', 'e2aad0a9-ca1c-44cf-a0cb-0f5ce60c87a8.jpg'),
(99, 'Sri Wahyuni', 'K06', '95adcdfe-4d4e-4efe-bc00-e66aa61dd151.jpg'),
(99, 'Sri Wahyuni', 'K07', 'defc6ad7-baf2-4c8c-be2f-272071f5dd3d.jpg'),
(99, 'Sri Wahyuni', 'K08', 'a965e1fe-220f-427b-ba85-d4249e00641d.jpg'),
(99, 'Sri Wahyuni', 'K09', '754adb64-272d-44fc-8af9-567d306e5672.jpg'),
(99, 'Sri Wahyuni', 'K10', 'e2aad0a9-ca1c-44cf-a0cb-0f5ce60c87a8.jpg'),
(99, 'Sri Wahyuni', 'K11', 'e2aad0a9-ca1c-44cf-a0cb-0f5ce60c87a8.jpg'),
(100, 'Suci Riska Putri', 'K01', '754adb64-272d-44fc-8af9-567d306e5672.jpg'),
(100, 'Suci Riska Putri', 'K02', '754adb64-272d-44fc-8af9-567d306e5672.jpg'),
(100, 'Suci Riska Putri', 'K03', '754adb64-272d-44fc-8af9-567d306e5672.jpg'),
(100, 'Suci Riska Putri', 'K04', 'a965e1fe-220f-427b-ba85-d4249e00641d.jpg'),
(100, 'Suci Riska Putri', 'K05', 'e2aad0a9-ca1c-44cf-a0cb-0f5ce60c87a8.jpg'),
(100, 'Suci Riska Putri', 'K06', 'a965e1fe-220f-427b-ba85-d4249e00641d.jpg'),
(100, 'Suci Riska Putri', 'K07', '754adb64-272d-44fc-8af9-567d306e5672.jpg'),
(100, 'Suci Riska Putri', 'K08', '95adcdfe-4d4e-4efe-bc00-e66aa61dd151.jpg'),
(100, 'Suci Riska Putri', 'K09', '754adb64-272d-44fc-8af9-567d306e5672.jpg'),
(100, 'Suci Riska Putri', 'K10', 'defc6ad7-baf2-4c8c-be2f-272071f5dd3d.jpg'),
(100, 'Suci Riska Putri', 'K11', 'e2aad0a9-ca1c-44cf-a0cb-0f5ce60c87a8.jpg'),
(101, 'Diki Ipan', 'K01', 'a965e1fe-220f-427b-ba85-d4249e00641d.jpg'),
(101, 'Diki Ipan', 'K02', '95adcdfe-4d4e-4efe-bc00-e66aa61dd151.jpg'),
(101, 'Diki Ipan', 'K03', 'a965e1fe-220f-427b-ba85-d4249e00641d.jpg'),
(101, 'Diki Ipan', 'K04', '754adb64-272d-44fc-8af9-567d306e5672.jpg'),
(101, 'Diki Ipan', 'K05', 'a965e1fe-220f-427b-ba85-d4249e00641d.jpg'),
(101, 'Diki Ipan', 'K06', 'defc6ad7-baf2-4c8c-be2f-272071f5dd3d.jpg'),
(101, 'Diki Ipan', 'K07', '95adcdfe-4d4e-4efe-bc00-e66aa61dd151.jpg'),
(101, 'Diki Ipan', 'K08', '754adb64-272d-44fc-8af9-567d306e5672.jpg'),
(101, 'Diki Ipan', 'K09', 'a965e1fe-220f-427b-ba85-d4249e00641d.jpg'),
(101, 'Diki Ipan', 'K10', 'a965e1fe-220f-427b-ba85-d4249e00641d.jpg'),
(101, 'Diki Ipan', 'K11', 'e2aad0a9-ca1c-44cf-a0cb-0f5ce60c87a8.jpg'),
(102, 'Novia Kristefany kabang', 'K01', 'defc6ad7-baf2-4c8c-be2f-272071f5dd3d.jpg'),
(102, 'Novia Kristefany kabang', 'K02', 'a965e1fe-220f-427b-ba85-d4249e00641d.jpg'),
(102, 'Novia Kristefany kabang', 'K03', '95adcdfe-4d4e-4efe-bc00-e66aa61dd151.jpg'),
(102, 'Novia Kristefany kabang', 'K04', 'a965e1fe-220f-427b-ba85-d4249e00641d.jpg'),
(102, 'Novia Kristefany kabang', 'K05', 'e2aad0a9-ca1c-44cf-a0cb-0f5ce60c87a8.jpg'),
(102, 'Novia Kristefany kabang', 'K06', 'a965e1fe-220f-427b-ba85-d4249e00641d.jpg'),
(102, 'Novia Kristefany kabang', 'K07', '754adb64-272d-44fc-8af9-567d306e5672.jpg'),
(102, 'Novia Kristefany kabang', 'K08', 'a965e1fe-220f-427b-ba85-d4249e00641d.jpg'),
(102, 'Novia Kristefany kabang', 'K09', 'defc6ad7-baf2-4c8c-be2f-272071f5dd3d.jpg'),
(102, 'Novia Kristefany kabang', 'K10', 'a965e1fe-220f-427b-ba85-d4249e00641d.jpg'),
(102, 'Novia Kristefany kabang', 'K11', '95adcdfe-4d4e-4efe-bc00-e66aa61dd151.jpg'),
(103, 'Sarah Aljona', 'K01', 'defc6ad7-baf2-4c8c-be2f-272071f5dd3d.jpg'),
(103, 'Sarah Aljona', 'K02', 'a965e1fe-220f-427b-ba85-d4249e00641d.jpg'),
(103, 'Sarah Aljona', 'K03', '754adb64-272d-44fc-8af9-567d306e5672.jpg'),
(103, 'Sarah Aljona', 'K04', 'defc6ad7-baf2-4c8c-be2f-272071f5dd3d.jpg'),
(103, 'Sarah Aljona', 'K05', 'defc6ad7-baf2-4c8c-be2f-272071f5dd3d.jpg'),
(103, 'Sarah Aljona', 'K06', '754adb64-272d-44fc-8af9-567d306e5672.jpg'),
(103, 'Sarah Aljona', 'K07', '95adcdfe-4d4e-4efe-bc00-e66aa61dd151.jpg'),
(103, 'Sarah Aljona', 'K08', 'e2aad0a9-ca1c-44cf-a0cb-0f5ce60c87a8.jpg'),
(103, 'Sarah Aljona', 'K09', '754adb64-272d-44fc-8af9-567d306e5672.jpg'),
(103, 'Sarah Aljona', 'K10', 'a965e1fe-220f-427b-ba85-d4249e00641d.jpg'),
(103, 'Sarah Aljona', 'K11', 'a965e1fe-220f-427b-ba85-d4249e00641d.jpg'),
(104, 'Ratu Juwita', 'K01', 'defc6ad7-baf2-4c8c-be2f-272071f5dd3d.jpg'),
(104, 'Ratu Juwita', 'K02', 'e2aad0a9-ca1c-44cf-a0cb-0f5ce60c87a8.jpg'),
(104, 'Ratu Juwita', 'K03', 'a965e1fe-220f-427b-ba85-d4249e00641d.jpg'),
(104, 'Ratu Juwita', 'K04', 'defc6ad7-baf2-4c8c-be2f-272071f5dd3d.jpg'),
(104, 'Ratu Juwita', 'K05', '95adcdfe-4d4e-4efe-bc00-e66aa61dd151.jpg'),
(104, 'Ratu Juwita', 'K06', 'a965e1fe-220f-427b-ba85-d4249e00641d.jpg'),
(104, 'Ratu Juwita', 'K07', '754adb64-272d-44fc-8af9-567d306e5672.jpg'),
(104, 'Ratu Juwita', 'K08', 'a965e1fe-220f-427b-ba85-d4249e00641d.jpg'),
(104, 'Ratu Juwita', 'K09', 'e2aad0a9-ca1c-44cf-a0cb-0f5ce60c87a8.jpg'),
(104, 'Ratu Juwita', 'K10', 'a965e1fe-220f-427b-ba85-d4249e00641d.jpg'),
(104, 'Ratu Juwita', 'K11', 'e2aad0a9-ca1c-44cf-a0cb-0f5ce60c87a8.jpg'),
(106, 'yyy', 'K01', 'lampiran_01.png'),
(106, 'yyy', 'K02', 'lampiran_02.jpg'),
(106, 'yyy', 'K03', 'lampiran_03.jpg'),
(106, 'yyy', 'K04', 'lampiran_04.jpg'),
(106, 'yyy', 'K05', 'lampiran_05.jpg'),
(106, 'yyy', 'K06', 'lampiran_06.jpg'),
(106, 'yyy', 'K07', 'lampiran_07.jpg'),
(106, 'yyy', 'K08', 'lampiran_08.jpg'),
(106, 'yyy', 'K09', 'lampiran_09.jpg'),
(106, 'yyy', 'K10', 'lampiran_010.jpg'),
(106, 'yyy', 'K11', 'lampiran_011.jpg');

-- --------------------------------------------------------

--
-- Table structure for table `mahasiswa`
--

CREATE TABLE `mahasiswa` (
  `id_mahasiswa` int(11) NOT NULL,
  `username` varchar(255) NOT NULL,
  `password` varchar(255) NOT NULL,
  `nama_mahasiswa` varchar(255) NOT NULL,
  `K01` int(3) NOT NULL,
  `K02` int(3) NOT NULL,
  `K03` int(3) NOT NULL,
  `K04` int(3) NOT NULL,
  `K05` int(3) NOT NULL,
  `K06` int(3) NOT NULL,
  `K07` int(3) NOT NULL,
  `K08` int(3) NOT NULL,
  `K09` int(3) NOT NULL,
  `K10` int(3) NOT NULL,
  `K11` int(3) NOT NULL,
  `no_peserta` varchar(255) NOT NULL,
  `total` float NOT NULL,
  `email` varchar(100) NOT NULL,
  `verifikasi` enum('Ya','Tidak') NOT NULL
) ENGINE=InnoDB DEFAULT CHARSET=latin1;

--
-- Dumping data for table `mahasiswa`
--

INSERT INTO `mahasiswa` (`id_mahasiswa`, `username`, `password`, `nama_mahasiswa`, `K01`, `K02`, `K03`, `K04`, `K05`, `K06`, `K07`, `K08`, `K09`, `K10`, `K11`, `no_peserta`, `total`, `email`, `verifikasi`) VALUES
(27, 'christi', '9581afae8cd25231b7d2c7bf22fad9fa', 'Christi Vera Junisa Surbakti', 2, 5, 2, 4, 4, 5, 2, 3, 1, 2, 5, '', 0.463578, '', 'Ya'),
(28, 'mislaini', '6ef16aa643e891e7fdbbb195dcd0c102', 'Mislaini', 2, 1, 2, 1, 4, 3, 1, 3, 1, 2, 4, '3167100620', 0.236022, '', 'Ya'),
(29, 'rina', '3aea9516d222934e35dd30f142fda18c', 'Rina Karmila', 5, 1, 3, 1, 4, 2, 1, 3, 1, 2, 5, '1164404966', 0.303126, '', 'Ya'),
(30, 'rizky', '49d8712dd6ac9c3745d53cd4be48284c', 'Rizky', 2, 1, 4, 1, 4, 2, 2, 2, 1, 3, 5, '1164615536', 0.327417, '', 'Ya'),
(31, 'dwita', '20aabf9193082fee0f3c8bbb74aac308', 'Dwita Annuru Aryani', 5, 5, 5, 4, 4, 3, 2, 2, 1, 3, 5, '1164603668', 0.521587, '', 'Ya'),
(32, 'rana', '90a1e95dba0d3d9c11e3f220cc4f7879', 'Rana Aulia Riyanti', 5, 1, 5, 1, 4, 4, 4, 3, 1, 5, 5, '', 0.46127, '', 'Ya'),
(33, 'tegar', '1d31802d64bae29d88923d795fc73734', 'Tegar Muhammad Taufik', 2, 1, 2, 1, 4, 3, 2, 1, 1, 4, 5, '', 0.238819, '', 'Ya'),
(34, 'hani', '76e105c3a61db1b3f13207774aeccc3c', 'Hani Alfiyani', 1, 5, 1, 4, 4, 3, 1, 3, 1, 2, 5, '', 0.397609, '', 'Ya'),
(35, 'wika', 'd5761865bf998665615a6de2b1ebe916', 'Wika Dewani', 3, 5, 4, 3, 4, 2, 3, 2, 1, 3, 5, '', 0.454454, '', 'Ya'),
(36, 'berta', '43d75035f949d7bad66383b46374d2e2', 'Berta Juniarty Antomy', 2, 1, 4, 1, 4, 5, 2, 1, 1, 3, 5, '', 0.350314, '', 'Ya'),
(37, 'ziat', '8b8c54bcc257144ce157de0b7ece194a', 'Ziat Ferdi', 5, 1, 4, 1, 4, 2, 2, 3, 1, 3, 5, '', 0.360843, '', 'Ya'),
(38, 'Fiona', '5e48cacd219ae1f95e276cd02ed15cc0', 'Fiona Aulia', 1, 1, 3, 1, 1, 4, 4, 1, 1, 4, 5, '', 0.352508, '', 'Ya'),
(39, 'fauziah', 'a8e404443f4edea9337a04fa3bf192b1', 'Fauziah Ababil', 5, 1, 5, 1, 4, 5, 1, 3, 1, 3, 3, '', 0.39168, '', 'Ya'),
(40, 'arif', '0ff6c3ace16359e41e37d40b8301d67f', 'Arif Sulaiman', 2, 5, 4, 2, 1, 5, 2, 2, 1, 4, 4, '', 0.393974, '', 'Ya'),
(41, 'fikri', '5d4864249b21de08642aa6ff4178b346', 'FIKRI YUDISTIRA EKA PRAJA UNTARTO', 5, 1, 3, 1, 4, 4, 3, 3, 1, 3, 5, '', 0.369792, '', 'Ya'),
(42, 'candra', '2614ae3c375c3095dc536283672548bd', 'Candra Sugito', 5, 1, 4, 1, 2, 1, 2, 2, 1, 3, 3, '', 0.305726, '', 'Ya'),
(43, 'nelly', '3a2e8986d4c2bc69a82effbe87e86757', 'Nelly Novianti', 3, 1, 5, 1, 4, 4, 2, 3, 1, 3, 4, '', 0.398407, '', 'Ya'),
(44, 'ratih', 'a5bd72a3d2c4d1686415f93a46fc7a0a', 'Ratih Ajeng Pramesti', 5, 1, 4, 4, 1, 3, 2, 3, 1, 2, 4, '', 0.489469, '', 'Ya'),
(45, 'mayaa', '04eb17d659494067ac0d94bf6c2c354c', 'Mayana', 2, 2, 1, 1, 4, 1, 1, 2, 1, 2, 4, '', 0.153534, '', 'Ya'),
(46, 'hazlina', '59bc1e17b87915727e2a2ff522348ca4', 'Hazlina', 3, 5, 5, 1, 1, 1, 1, 3, 1, 3, 5, '', 0.379451, '', 'Ya'),
(47, 'ilham', 'b63d204bf086017e34d8bd27ab969f28', 'Ilham Lazuardy Arief', 5, 5, 4, 5, 1, 5, 2, 2, 1, 5, 5, '', 0.548331, '', 'Ya'),
(48, 'anissa', '548b41da55f1eec82125aaf66343c1bb', 'Anissa Purastika', 1, 1, 1, 1, 4, 3, 5, 3, 3, 3, 3, '', 0.393721, '', 'Ya'),
(49, 'satria', '477054c78baea7a1242f79d898a2ca46', 'Satria Eko Fransisko', 5, 3, 3, 4, 4, 2, 3, 2, 1, 4, 5, '', 0.475137, '', 'Ya'),
(50, 'devi', 'f5c2db1f19bdde37e740e86b70d0534f', 'Devi Novita Sari', 1, 1, 2, 2, 1, 5, 4, 1, 1, 2, 2, '', 0.33708, '', 'Ya'),
(51, 'nurul_nur', '366323e9c51575096ac2483e9a1fb778', 'Nurul Nur Aini', 2, 1, 2, 1, 4, 1, 1, 2, 1, 2, 5, '', 0.212868, '', 'Ya'),
(52, 'sinta', '08ca451b5ef1a7c86763d31e7711a522', 'Sinta Anggreani', 2, 1, 3, 1, 4, 2, 2, 3, 1, 2, 4, '', 0.283468, '', 'Ya'),
(53, 'suci', '1cc6545f956f39a79c80b05f65df3c0a', 'SUCI JUNIANTI', 2, 1, 3, 1, 1, 2, 1, 3, 1, 2, 4, '', 0.261192, '', 'Ya'),
(54, 'dandi', '32408919e7c985cf5439ebda3e1eb0f5', 'Dandi Mulyana', 3, 1, 4, 1, 3, 1, 2, 3, 1, 3, 5, '', 0.3437, '', 'Ya'),
(55, 'afrio', '21eecf9c9b1a6ac8e6b29a34080e86c5', 'Afrio Dwi Kurniawan', 5, 5, 5, 5, 4, 2, 2, 4, 1, 3, 4, '', 0.576464, '', 'Ya'),
(56, 'trianny', 'e06d6c6c626ba102a1af723c0f8b49bd', 'Trianny Syantikha', 5, 1, 5, 1, 4, 2, 2, 3, 1, 2, 4, '', 0.388888, '', 'Ya'),
(57, 'posma', 'f79aa30e2f7c2aa353468481cd85111e', 'POSMA ANDERSON PANDIANGAN', 2, 1, 2, 1, 4, 4, 2, 2, 1, 2, 4, '', 0.246314, '', 'Ya'),
(58, 'zubair', '08fc70b4b9916f75309d7c0c9a4f5237', 'ZUBAIR RASYID HS', 4, 1, 5, 1, 4, 4, 2, 3, 1, 4, 5, '', 0.412694, '', 'Ya'),
(59, 'adhetya', '6ded22b3cf4b3ae8395d19ce63f3affd', 'Adhetya putra perdana', 5, 1, 4, 1, 1, 5, 2, 3, 1, 4, 5, '', 0.390192, '', 'Ya'),
(60, 'siti', 'db04eb4b07e0aaf8d1d477ae342bdff9', 'Siti Aminah', 1, 1, 3, 1, 4, 3, 3, 3, 1, 2, 4, '', 0.324142, '', 'Ya'),
(61, 'solihin', 'e2a85d4770703e3d62571f18d3ede236', 'Solihin', 2, 1, 2, 1, 4, 1, 2, 2, 1, 3, 4, '', 0.200291, '', 'Ya'),
(62, 'arief', '2fab7eefb328d669c8dde67a91528eb9', 'Arief Rahman', 5, 1, 5, 1, 4, 4, 5, 2, 4, 5, 4, '', 0.537514, '', 'Ya'),
(63, 'mayuni', 'daccbfde7d887802d7e642c422951be5', 'Mayuni', 1, 2, 1, 2, 4, 2, 2, 2, 1, 2, 5, '', 0.25168, '', 'Ya'),
(64, 'indrawan', 'd4295af3f125b9c067fc66ab50496eea', 'Indrawan Batolomius', 2, 2, 2, 1, 4, 2, 2, 2, 1, 2, 5, '', 0.241155, '', 'Ya'),
(65, 'novita', '463f4921608f04a290b70bb391c2b74d', 'Novita Indah Saputri', 5, 1, 3, 1, 4, 1, 1, 2, 1, 2, 5, '', 0.274836, '', 'Ya'),
(66, 'delvi', '3fe6673206bfd2c7f0f02890e4d8c6e9', 'Delvi triana', 5, 1, 4, 1, 3, 2, 3, 3, 4, 3, 5, '', 0.473423, '', 'Ya'),
(67, 'suli', '06a54e2d86481013e4ca2d39418c70e8', 'Suli maulina', 2, 1, 3, 1, 4, 2, 2, 3, 1, 3, 5, '', 0.304185, '', 'Ya'),
(68, 'ridha', '6bbd289a4a6a6972fc59169f2efc20e7', 'RIDHA ASH SIDDIQY', 5, 5, 5, 5, 4, 3, 2, 3, 1, 3, 5, '', 0.57554, '', 'Ya'),
(69, 'mario', 'de2f15d014d40b93578d255e6221fd60', 'Mario Andika Tri Putra', 2, 5, 2, 1, 4, 1, 2, 2, 1, 2, 5, '', 0.254518, '', 'Ya'),
(70, 'nurlela', '592d57d95463cc0fced6f42c048884ba', 'Nurlela M', 2, 1, 2, 1, 4, 1, 2, 2, 1, 2, 4, '', 0.200068, '', 'Ya'),
(71, 'rino', '5056b3f5f952722139abe044ba1d25e5', 'Rino Anugra Putra', 2, 1, 2, 1, 4, 2, 1, 3, 1, 2, 5, '', 0.248859, '', 'Ya'),
(72, 'akbar', '4f033a0a2bf2fe0b68800a3079545cd1', 'Akbar Ahmed mubarok', 5, 5, 5, 5, 5, 5, 5, 5, 5, 5, 5, '', 1, '', 'Ya'),
(73, 'nurul_hidayati', '2cb4407065bad623a1a0e4d8ccbfcbac', 'Nurul Hidayati', 5, 5, 5, 5, 5, 5, 5, 5, 5, 5, 5, '', 1, '', 'Ya'),
(74, 'husna', '39ae638603d245e33ec73d9176ca5f3c', 'Husna Ningsih', 1, 2, 2, 1, 4, 2, 2, 3, 1, 3, 5, '', 0.26703, '', 'Ya'),
(75, 'dhea', 'd585b80abca3e02bae79fef9a17fe5c3', 'Dhea Trinandya Wijayanti', 5, 1, 3, 1, 4, 4, 4, 4, 1, 5, 5, '', 0.422013, '', 'Ya'),
(76, 'gilang', 'c37fddfb7b3f538674c6e9a77e7bf486', 'Gilang Habibie', 5, 5, 3, 3, 4, 2, 3, 2, 1, 3, 4, '', 0.415096, '', 'Ya'),
(77, 'riani', 'c20888c7fc93db286006ec2bb63a3ff4', 'Riani Mahalalita', 1, 1, 2, 1, 4, 1, 2, 3, 1, 2, 5, '', 0.258312, '', 'Ya'),
(78, 'wilda', '6136fb3ef80dc739cc62444c1df1ed7a', 'Wilda Ariani', 5, 5, 5, 4, 4, 4, 4, 4, 1, 4, 5, '', 0.618665, '', 'Ya'),
(79, 'ovi', '07bc1df8c6cc6e78c6d0b970db74b5b4', 'Ovi Indah Afriani', 5, 1, 5, 1, 4, 2, 5, 2, 1, 4, 5, '', 0.455011, '', 'Ya'),
(80, 'dwi', '7aa2602c588c05a93baf10128861aeb9', 'Dwi Maryati', 5, 1, 3, 1, 4, 1, 2, 3, 1, 3, 4, '', 0.295952, '', 'Ya'),
(81, 'syafrizal', 'd0782a3a76385d3d279ba666132091a5', 'Syafrizal Sodikin', 5, 5, 5, 4, 4, 2, 3, 2, 1, 4, 4, '', 0.530102, '', 'Ya'),
(82, 'hayati', '73e405227c02a626e66f0dc4dd3a53a3', 'Hayati', 5, 5, 4, 4, 4, 2, 2, 2, 1, 3, 4, '', 0.475978, '', 'Ya'),
(83, 'mila', 'f562f7f28a039094f7b602c033f106a4', 'Mila Damayanti', 5, 5, 5, 5, 5, 5, 5, 5, 5, 5, 5, '', 1, '', 'Ya'),
(84, 'kwirinus', '78852fd4e89e566f90e68b9a5a4e7a41', 'Kwirinus Rio Kusuma', 3, 3, 3, 4, 4, 3, 2, 2, 1, 3, 5, '', 0.449482, '', 'Ya'),
(85, 'elda', 'bc101a61000875e2672a9d3e981f3b75', 'Elda Sari', 5, 3, 3, 3, 1, 1, 2, 2, 1, 4, 4, '', 0.365644, '', 'Ya'),
(86, 'mizi', 'ed9b6434accb55ec4bdd0e290bc66a77', 'Mizi Oktari', 2, 2, 1, 1, 4, 1, 1, 3, 1, 4, 5, '', 0.225339, '', 'Ya'),
(87, 'muhammad', 'a7777999e260290f68a1455cacdabf6c', 'MUHAMMAD ARIEF TRI PRAYOGI', 1, 5, 1, 4, 4, 3, 2, 2, 1, 4, 5, '', 0.39871, '', 'Ya'),
(88, 'sella', 'cd22631a7f2cdcc84838beb4da2c8118', 'Sella Purwasi', 2, 1, 3, 1, 4, 2, 3, 2, 1, 3, 5, '', 0.311751, '', 'Ya'),
(89, 'armanto', 'a767ce75b5a3d79252ea51225860a215', 'Armanto', 5, 1, 4, 1, 4, 2, 2, 2, 1, 3, 3, '', 0.314176, '', 'Ya'),
(90, 'disca', 'd809b04fe59b33185df8df345fcf1580', 'Disca Fatriyanti', 5, 5, 5, 3, 4, 2, 2, 2, 1, 4, 5, '', 0.469831, '', 'Ya'),
(91, 'julizar', '1b16966bb5f7b271d5d39baeb97a428a', 'Julizar', 5, 1, 3, 1, 4, 1, 2, 2, 1, 4, 5, '', 0.292458, '', 'Ya'),
(92, 'muhammad_arief', '6e4501ee13a7ad31b0ab36b803fa385e', 'Muhammad Arief Tri Prayogi', 1, 5, 1, 4, 4, 3, 2, 2, 1, 4, 5, '', 0.39871, '', 'Ya'),
(93, 'dewi', 'ed1d859c50262701d92e5cbf39652792', 'Dewi Kartika Putri', 5, 5, 5, 5, 5, 5, 5, 5, 5, 5, 5, '', 1, '', 'Ya'),
(94, 'maulana', 'aff4b352312d5569903d88e0e68d3fbb', 'Maulana Basuki Ilham', 5, 5, 4, 4, 4, 2, 3, 2, 2, 3, 5, '', 0.548492, '', 'Ya'),
(95, 'syifa', '1db7faed0921b4ab88da5e284ba45767', 'Syifa Qurattal Aini', 5, 5, 3, 5, 3, 1, 3, 3, 1, 4, 4, '', 0.527347, '', 'Ya'),
(96, 'raveena', '7bf002b264cf8e78417416f8f94a61dd', 'Raveena Cindy Azwari', 1, 5, 1, 1, 4, 2, 4, 2, 1, 3, 5, '', 0.313698, '', 'Ya'),
(97, 'edwin', '8e6e509fba12de7be9ff1cb5333a69d2', 'Edwin Rianto', 5, 1, 5, 1, 4, 3, 2, 5, 4, 2, 5, '', 0.520963, '', 'Ya'),
(98, 'viva', '91d8dfd979468e3fc76f40300fbe8293', 'Viva Gamma Liecharlie', 5, 1, 5, 1, 4, 3, 4, 2, 1, 5, 4, '', 0.428392, '', 'Ya'),
(99, 'sri', 'd1565ebd8247bbb01472f80e24ad29b6', 'Sri Wahyuni', 5, 2, 2, 1, 4, 1, 3, 2, 1, 3, 5, '', 0.290464, '', 'Ya'),
(100, 'suci_riska', '6402e94ec35b3ce5dcf9490359f45bfa', 'Suci Riska Putri', 5, 5, 3, 4, 4, 2, 3, 4, 1, 2, 5, '', 0.522116, '', 'Ya'),
(101, 'diki', '43b93443937ea642a9a43e77fd5d8f77', 'Diki Ipan', 2, 1, 3, 1, 4, 1, 4, 3, 1, 4, 5, '', 0.36323, '', 'Ya'),
(102, 'novia', 'f75f175dc9f6e5a0e4ddc9dec255b2fd', 'Novia Kristefany kabang', 5, 1, 5, 1, 4, 2, 2, 2, 1, 3, 5, '', 0.383677, '', 'Ya'),
(103, 'sarah', '9e9d7a08e048e9d604b79460b54969c3', 'Sarah Aljona', 5, 1, 5, 1, 4, 3, 3, 2, 4, 2, 5, '', 0.493155, '', 'Ya'),
(104, 'ratu', '20b9736380a4318a96b18dd3aa001c1f', 'Ratu Juwita', 1, 1, 4, 1, 4, 1, 2, 2, 1, 3, 3, '', 0.288951, '', 'Ya'),
(105, 'rini', 'b86872751de1e13c142d050acfd09842', 'rini', 5, 5, 5, 5, 5, 5, 5, 5, 5, 5, 5, 'rini', 1, '', 'Ya'),
(106, 'astaga', 'b1bd5d407c76e58bb22b340548816c3d', 'yyy', 5, 5, 5, 5, 4, 5, 5, 5, 5, 5, 5, '1234', 0.982481, 'astaga@email.com', 'Ya');

-- --------------------------------------------------------

--
-- Table structure for table `parameter`
--

CREATE TABLE `parameter` (
  `id_parameter` int(11) NOT NULL,
  `kode_kriteria` varchar(10) NOT NULL,
  `interval_parameter` varchar(1000) NOT NULL,
  `skor` int(11) NOT NULL
) ENGINE=InnoDB DEFAULT CHARSET=latin1;

--
-- Dumping data for table `parameter`
--

INSERT INTO `parameter` (`id_parameter`, `kode_kriteria`, `interval_parameter`, `skor`) VALUES
(1, 'K01', 'Pejabat Tinggi Negara', 5),
(3, 'K01', 'PNS/Pensiunan Gol III, Pensiunan PNS Gol IV, Anak Buah Kapal, PNS Golongan II', 3),
(4, 'K01', 'Tamtama, PNS Gol I, Pensiunan PNS Gol II, Pengemudi, Petani, Satpam, Supir Kendaraan Umum, Tukang, Nelayan', 2),
(5, 'K01', 'Anak Yatim Piatu, Ibu Rumah Tangga, Kuli Bangunan, Tukang Parkir, Buruh Tani, Tukang Becak', 1),
(6, 'K01', 'Perawat, Masinis, Kaur, Kasi, Bintara', 4),
(7, 'K02', 'Pejabat tinggi negara, rektor, anggota legislatif, guru besar, perwira tinggi, profesional, pejabat eselon I,kepala daerah, penguasa besar dan menengah, direksi perusahaan, manajer, dokter spesialis, pengacara, komisaris,pejabat eselon II, dekan, kepala biro, kepala badan, asisten manajer, kepala dinas, perwira menengah, pengusaha kecil,pilot, nakhoda kapal, pejabat eselon III, supervisor, kabag, pns gol IV, camat, perwira pertama, pengusaha mikro, karyawan bumn, karyawan bank', 5),
(8, 'K02', 'Perawat, Masinis, Kaur, Kasi, Bintara', 4),
(9, 'K02', 'PNS Gol II, pensiunan PNS Gol III, Pensiunan PNS Gol IV, Anak Buah Kapal', 3),
(10, 'K02', 'Tamtama, PNS Gol I, Pensiunan PNS Gol II, Pengemudi, Petani, Satpam, Supir Kendaraan Umum, Tukang, Nelayan', 2),
(11, 'K02', 'Anak yatim piatu, Ibu Rumah Tangga, Kuli bangunan, tukang parkir, buruh tani, tukang becak, pensiunan PNS Gol I, PKL, Pembantu Rumah Tangga,buruh/pelayan, cleaning service, pemulung', 1),
(12, 'K03', 'Lebih dari Rp. 4.000.000,00', 5),
(13, 'K03', 'Rp. 2.000.001,00 s.d Rp. 3.999.999,00', 4),
(14, 'K03', 'Rp. 1.000.001,00 s.d Rp. 2.000.000,00', 3),
(15, 'K03', 'Rp. 500.001 s.d Rp. 1.000.000,00', 2),
(16, 'K03', 'Kurang dari Rp.500.000,00', 1),
(17, 'K04', 'Lebih dari Rp. 4.000.000,00', 5),
(18, 'K04', 'Rp. 2.000.001 s.d Rp. 3.999.999,00', 4),
(19, 'K04', 'Rp. 1.000.001,00 s.d Rp. 2.000.000,00', 3),
(20, 'K04', 'Rp. 500.001,00 s.d Rp. 1.000.000', 2),
(21, 'K04', 'Kurang dari Rp. 500.000,00', 1),
(22, 'K05', 'Milik sendiri / Milik Orangtua / milik Wali', 4),
(23, 'K05', 'Rumah Dinas', 3),
(24, 'K05', 'Kontrak atau Sewa', 2),
(25, 'K05', 'Menumpang', 1),
(26, 'K06', 'Lebih dari Rp. 100.000,00', 5),
(27, 'K06', 'Rp. 50.001,00 s.d Rp. 100.000,00', 4),
(28, 'K06', 'Rp. 30.001,00 s.d Rp. 50.000,00', 3),
(29, 'K06', 'Rp. 10.001,00 s.d Rp. 30.000,00 ', 2),
(30, 'K06', 'Kurang dari Rp. 10.000,00', 1),
(31, 'K07', 'Lebih dari Rp. 500.000,00', 5),
(32, 'K07', 'Rp. 300.001,00 s.d Rp. 500.000,00', 4),
(33, 'K07', 'Rp. 150.001,00 s.d Rp. 300.000,00', 3),
(34, 'K07', 'Rp. 50.001,00 s.d Rp. 150.000,00', 2),
(35, 'K07', 'Kurang dari Rp. 50.000,00', 1),
(36, 'K08', 'Lebih dari Rp. 600.000,00', 5),
(37, 'K08', 'Rp. 400.001,00 s.d Rp. 600.000,00', 4),
(38, 'K08', 'Rp. 200.001,00 s.d Rp. 400.000,00', 3),
(39, 'K08', 'Rp. 100.001,00 s.d Rp. 200.000,00', 2),
(40, 'K08', 'Kurang dari Rp. 100.000', 1),
(41, 'K09', 'Lebih dari Rp. 3.000.000,00', 5),
(42, 'K09', 'Rp. 2.000.001,00 s.d Rp. 3.000.000,00', 4),
(43, 'K09', 'Rp. 1.000.001,00 s.d Rp. 2.000.000,00', 3),
(44, 'K09', 'Rp. 250.001,00 s.d Rp. 1.000.000,00', 2),
(45, 'K09', 'Kurang dari Rp. 250.000,00', 1),
(46, 'K10', '2200', 5),
(47, 'K10', '1300', 4),
(48, 'K10', '900', 3),
(49, 'K10', '450', 2),
(50, 'K10', 'Tidak Ada Listrik', 1),
(51, 'K11', '<= 3 Orang', 5),
(53, 'K11', '6 - 8 Orang', 3),
(54, 'K11', '9 - 10 Orang', 2),
(61, 'K11', 'Lebih dari 10 Orang', 1),
(62, 'K11', '4-5 Orang', 4),
(63, 'K01', 'Rektor, PNS Gol III', 5),
(64, 'K01', 'Anggota Legislatif, pengusaha kecil', 5),
(65, 'K01', 'Guru Besar, Perwira Tinggi, Kepala Daerah, Kepala Dinas, Pengacara, Komisaris', 5),
(66, 'K01', 'Dekan, PNS Gol IV, Karyawan BANK, Karyawan BUMN, Lurah, Bidan, Kabag', 5),
(67, 'K01', ' Pensiunan PNS Gol I, PKL, Pembantu Rumah Tangga, Buruh/pelayah, Cleaning Sevice, Pemulung', 1);

--
-- Indexes for dumped tables
--

--
-- Indexes for table `admin`
--
ALTER TABLE `admin`
  ADD PRIMARY KEY (`id_admin`);

--
-- Indexes for table `kriteria`
--
ALTER TABLE `kriteria`
  ADD PRIMARY KEY (`id_kriteria`);

--
-- Indexes for table `mahasiswa`
--
ALTER TABLE `mahasiswa`
  ADD PRIMARY KEY (`id_mahasiswa`);

--
-- Indexes for table `parameter`
--
ALTER TABLE `parameter`
  ADD PRIMARY KEY (`id_parameter`);

--
-- AUTO_INCREMENT for dumped tables
--

--
-- AUTO_INCREMENT for table `admin`
--
ALTER TABLE `admin`
  MODIFY `id_admin` int(11) NOT NULL AUTO_INCREMENT, AUTO_INCREMENT=2;

--
-- AUTO_INCREMENT for table `kriteria`
--
ALTER TABLE `kriteria`
  MODIFY `id_kriteria` int(11) NOT NULL AUTO_INCREMENT, AUTO_INCREMENT=28;

--
-- AUTO_INCREMENT for table `mahasiswa`
--
ALTER TABLE `mahasiswa`
  MODIFY `id_mahasiswa` int(11) NOT NULL AUTO_INCREMENT, AUTO_INCREMENT=107;

--
-- AUTO_INCREMENT for table `parameter`
--
ALTER TABLE `parameter`
  MODIFY `id_parameter` int(11) NOT NULL AUTO_INCREMENT, AUTO_INCREMENT=68;
COMMIT;

/*!40101 SET CHARACTER_SET_CLIENT=@OLD_CHARACTER_SET_CLIENT */;
/*!40101 SET CHARACTER_SET_RESULTS=@OLD_CHARACTER_SET_RESULTS */;
/*!40101 SET COLLATION_CONNECTION=@OLD_COLLATION_CONNECTION */;
